student_id,age,cgpa,attendance_rate,family_income,past_failures,study_hours_per_week,assignments_submitted,projects_completed,total_activities,dropout,scholarship_encoded,extra_curricular_encoded,sports_participation_encoded,parental_education_encoded,gender,department
207024,18,6.530637633,66.67521193,71450.0,6,8.8,56,2,7,1,0,1,0,2,Female,MECHANICAL
212997,25,6.894983281,68.92021243,51691.0,3,7.8,19,4,3,0,0,1,0,0,Male,COMMERCE
212434,23,4.649236322,72.82010129,61773.0,6,16.3,31,2,3,0,0,0,0,1,Male,COMMERCE
202215,21,4.63136436,85.99180494,66816.0,5,6.8,34,2,5,0,0,1,0,2,Male,COMPUTER SCIENCE
205786,22,4.778758362,49.38627621,68097.0,4,18.6,49,0,1,1,1,1,0,2,Male,MECHANICAL
207043,25,5.903132981,82.16522628,25642.0,4,5.1,19,1,5,1,0,1,0,2,Male,COMMERCE
200746,21,5.779040202,76.97642859,62826.0,4,10.0,39,2,5,0,0,0,0,2,Female,MECHANICAL
215966,21,5.898474413,100.0,67491.0,6,10.3,1,2,9,1,0,0,0,2,Male,ELECTRONICS
207327,16,6.04440414,71.83458225,47055.0,4,24.4,46,2,7,0,0,1,0,2,Female,BIOLOGY
209973,16,5.910897105,76.33886687,54291.0,2,20.7,7,1,5,0,0,0,0,2,Male,COMPUTER SCIENCE
212707,22,5.500271303,65.80115203,122854.8999999992,4,9.9,50,4,8,1,0,1,1,3,Male,MECHANICAL
206955,19,5.14834948,83.48073955,46092.0,5,6.8,10,0,2,0,0,1,1,2,Male,COMMERCE
219242,21,4.316740114,83.83610032,40057.0,4,5.1,17,3,3,0,1,0,1,3,Male,ELECTRONICS
201915,22,5.83737654,79.59794342,67810.0,5,12.0,23,2,8,1,0,0,0,2,Female,COMPUTER SCIENCE
202348,20,6.194046173,75.09409398,46177.0,2,17.9,14,3,5,0,1,0,0,2,Male,ARTS
204504,18,5.046567131,56.86476237,51256.0,6,20.1,35,4,4,1,0,0,1,2,Female,CIVIL
203149,20,4.241878436,95.38485404,81219.0,4,19.3,25,3,1,1,0,1,0,2,Female,MECHANICAL
202447,20,4.278560684,76.0862664,80036.0,5,9.1,46,0,5,0,1,0,0,2,Female,ARTS
201485,22,4.436660067,53.49910261,63547.0,3,10.2,46,4,0,0,1,1,1,2,Female,BIOLOGY
218648,21,5.296270858,91.85821361,0.0,5,19.5,59,2,4,0,0,1,0,3,Male,CIVIL
208334,20,5.927823458,62.15243949,57479.0,3,17.8,42,3,2,0,1,1,0,2,Other,COMPUTER SCIENCE
211278,17,4.251622432,90.33125548,48345.0,6,15.1,50,0,6,0,1,1,1,0,Other,CIVIL
203388,21,5.363085741,91.47014363,89223.0,2,13.1,46,3,9,0,0,1,1,2,Male,ELECTRONICS
209087,16,6.885691418,52.78577842,64103.0,4,20.0,1,0,8,1,0,1,0,2,Other,ARTS
204456,25,6.820661814,78.6731377,48602.0,6,8.2,0,3,1,0,1,1,0,0,Female,CIVIL
217174,18,6.785183524,69.44407397,40096.0,5,5.1,55,2,7,0,0,0,0,2,Male,CIVIL
205363,21,4.395385337,91.21030125,34924.0,4,23.6,13,1,2,0,0,0,1,0,Male,ARTS
214233,20,5.853416555,84.69820544,64026.0,4,15.1,56,2,9,0,0,1,0,2,Other,BIOLOGY
206045,19,4.427434908,72.23308891,41959.0,4,20.6,1,4,9,1,0,1,1,3,Female,ELECTRONICS
219139,26,5.097832679,61.37399334,39808.0,5,24.6,36,0,9,0,0,1,0,2,Male,ARTS
215627,25,6.473801178,69.66927088,42081.0,4,5.0,44,1,5,1,0,1,0,3,Male,BIOLOGY
209143,19,5.518064138,63.06439115,61987.0,5,7.5,51,0,3,1,0,1,0,2,Male,COMPUTER SCIENCE
211396,21,4.307698364,79.32482099,58188.0,4,7.7,39,1,1,1,1,0,0,2,Male,COMPUTER SCIENCE
207568,26,6.622697214,82.96498775,59950.0,2,9.5,32,0,5,0,0,1,0,2,Female,MECHANICAL
201397,25,6.754600626,78.75229033,54172.0,5,11.9,33,3,0,0,0,1,1,1,Other,CIVIL
219365,18,4.285997798,74.2219048,42304.0,3,13.1,59,2,7,0,1,1,0,2,Female,ELECTRONICS
218282,25,4.884023479,77.70354212,36317.0,5,16.2,14,3,3,0,0,0,0,3,Male,CIVIL
212643,18,5.278773666,79.95770992,58457.0,3,21.1,54,1,8,0,0,1,0,2,Female,ELECTRONICS
214136,24,6.579098218,100.0,47596.0,4,13.4,52,3,5,0,0,1,0,0,Female,MECHANICAL
210097,24,5.179953054,86.87443025,41132.0,4,19.5,32,2,3,0,0,1,0,2,Female,CIVIL
205501,18,4.377588884,77.43454479,50658.0,3,23.9,16,3,5,0,0,1,1,3,Female,ARTS
202088,25,4.216902068,87.85428644,36414.0,6,5.2,37,4,4,0,1,0,1,2,Male,CIVIL
219436,25,5.414461091,89.47960505,82728.0,5,19.0,4,4,2,0,0,0,0,2,Other,COMPUTER SCIENCE
203276,19,4.293539298,61.10047993,78380.0,2,20.7,1,0,3,0,1,0,1,1,Male,COMPUTER SCIENCE
207080,22,4.576516448,60.59955878,84646.0,2,14.5,43,2,4,0,0,1,0,2,Female,CIVIL
218459,21,4.02739505,66.78226303,93001.0,3,24.6,18,1,0,1,1,1,0,0,Male,ARTS
210511,21,5.239012397,88.67006025,92978.0,2,20.8,26,4,5,0,0,1,0,1,Male,ARTS
200646,17,4.107020998,80.35504689,49403.0,5,23.2,35,0,6,1,1,0,0,0,Other,ELECTRONICS
204757,25,4.734687975,87.52738909,93969.0,6,13.2,40,3,5,0,0,1,0,3,Male,ARTS
200506,24,6.988557517,74.2569145,15757.0,5,24.7,39,3,8,0,0,1,0,2,Male,COMMERCE
214564,19,5.500271303,87.0831581,59443.0,5,23.2,5,2,3,0,0,0,1,2,Other,ELECTRONICS
203930,23,5.218676286,91.32624241,22259.0,6,22.7,22,4,7,0,0,0,0,3,Male,COMPUTER SCIENCE
211866,21,5.500271303,64.8094602,65185.0,5,12.6,57,0,3,0,0,0,0,3,Male,ELECTRONICS
215502,25,5.561910287,57.15198362,27733.0,3,24.9,7,3,3,0,0,0,0,0,Female,COMMERCE
203674,16,4.091238043,61.92237888,15182.0,4,17.4,45,4,9,0,0,1,0,2,Male,ELECTRONICS
213676,22,4.214917319,69.76580899,45502.0,5,17.2,9,0,4,1,0,1,1,2,Male,CIVIL
208453,19,6.286832267,68.03060537,55873.0,2,14.4,20,1,4,0,0,1,0,2,Female,BIOLOGY
205473,19,5.229329146,75.09409398,35618.0,2,5.5,40,4,3,0,0,1,1,2,Other,COMPUTER SCIENCE
214029,25,6.331208145,77.99164385,45090.0,5,16.0,37,1,7,0,1,0,0,0,Male,BIOLOGY
218786,26,6.737170105,83.961825,24949.0,3,8.0,0,3,8,0,0,1,0,0,Female,COMMERCE
217277,25,6.458114375,74.41313484,73326.0,4,12.6,59,3,0,1,1,1,0,2,Male,CIVIL
217537,25,6.39817663,73.8490921,56901.0,4,18.7,31,4,6,1,0,1,0,2,Female,COMMERCE
217045,19,4.607593467,73.00394354,41121.0,4,11.8,18,3,5,1,0,1,0,2,Male,CIVIL
201815,20,6.620998228,87.33524275,52826.0,4,6.6,23,1,3,0,0,1,1,2,Female,ARTS
201830,17,5.540409815,82.03141344,68106.0,6,23.1,0,4,8,0,1,0,0,2,Male,COMPUTER SCIENCE
207782,25,5.500271303,87.0654858,90557.0,6,24.7,48,3,1,0,0,1,0,2,Male,ELECTRONICS
203673,22,6.400974324,89.18854952,51054.0,5,21.7,52,2,5,0,0,1,0,3,Male,MECHANICAL
214576,22,5.859412048,93.95362517,48743.0,3,7.1,4,1,5,0,0,1,1,2,Male,BIOLOGY
214519,26,4.343222706,84.31204714,64771.0,2,19.3,34,3,1,0,0,0,0,2,Female,CIVIL
216164,23,4.703971972,75.55693607,39387.0,5,7.9,37,0,9,0,1,1,1,2,Other,COMPUTER SCIENCE
211317,25,5.568092384,77.0817335,45060.0,6,22.2,29,1,2,1,0,0,0,2,Male,ELECTRONICS
214392,18,4.084961448,64.47864556,46147.0,5,9.8,7,2,0,0,1,1,0,2,Male,ARTS
215865,26,6.280725388,63.38615528,70157.0,5,14.7,46,3,3,0,0,0,0,2,Other,BIOLOGY
216343,21,5.500271303,79.50645118,14144.0,4,20.0,26,4,4,0,0,1,1,3,Female,COMMERCE
219963,21,4.109483285,63.6360582,37736.0,4,8.5,2,1,7,1,0,1,0,0,Male,MECHANICAL
217401,21,5.701337404,56.99197881,92012.0,4,6.6,24,3,8,1,1,1,1,2,Female,ARTS
212520,20,6.805779257,81.61699106,47701.0,4,21.1,51,0,1,0,0,1,0,1,Male,MECHANICAL
212150,25,5.168875315,84.11600172,68796.0,3,15.1,20,0,6,0,0,1,1,2,Male,ARTS
208921,17,5.799305629,81.60309097,41062.0,4,22.2,44,0,9,0,0,0,1,2,Male,MECHANICAL
202091,19,5.081709137,79.73137046,56849.0,4,11.4,2,3,0,1,0,1,0,2,Other,COMMERCE
209734,22,4.421374681,87.82849652,59516.0,5,13.3,52,2,5,0,1,1,0,0,Other,BIOLOGY
219762,22,5.500271303,87.47377282,33022.0,4,15.1,8,0,0,0,0,1,0,2,Other,CIVIL
217586,24,4.149916075,66.67793548,71516.0,4,16.8,22,4,2,0,0,1,0,2,Other,MECHANICAL
219652,21,6.096854239,63.66014187,80724.0,3,10.8,41,3,9,0,1,1,0,0,Male,CIVIL
215429,16,5.033717426,46.34260201,73671.0,4,15.1,50,3,2,1,0,0,0,2,Female,COMPUTER SCIENCE
214683,20,4.404822192,75.58259702,48731.0,4,20.7,8,0,3,0,0,1,0,2,Female,BIOLOGY
207269,20,6.676758702,94.66401972,46906.0,3,17.5,33,3,0,0,0,0,0,3,Male,MECHANICAL
208171,18,4.83914905,91.70549477,49160.0,3,8.0,55,4,0,0,0,0,1,2,Male,CIVIL
208940,16,4.816716358,81.03663216,37131.0,4,17.1,39,3,2,0,0,1,0,1,Male,ARTS
203266,24,6.580558669,73.69254806,76089.0,3,22.6,12,1,6,0,0,1,0,2,Male,ARTS
216646,17,4.029306867,79.42913545,43056.0,5,16.8,34,0,2,1,1,1,1,2,Female,ELECTRONICS
205834,21,5.454153222,75.68706344,36229.0,3,6.0,52,2,3,0,0,0,1,2,Other,ELECTRONICS
206037,23,4.084578691,79.85354813,28738.0,6,18.8,35,4,2,0,0,0,1,2,Male,COMPUTER SCIENCE
201004,17,5.355450225,66.39715032,65165.0,4,6.5,32,1,5,0,0,1,0,0,Female,ELECTRONICS
206002,16,5.330030319,88.84120107,35601.0,4,17.2,19,4,0,0,1,1,0,1,Female,BIOLOGY
218163,23,5.88650503,53.44077816,62554.0,2,21.5,56,0,7,0,0,1,0,3,Male,COMPUTER SCIENCE
205182,26,4.364305921,62.40532115,49211.0,2,8.0,16,4,6,0,0,1,0,2,Male,ELECTRONICS
208846,17,5.500271303,69.60381734,26550.0,4,15.0,6,3,7,0,1,1,1,2,Male,MECHANICAL
211462,18,5.037317366,89.09381081,14456.0,4,9.6,9,1,0,0,0,1,1,1,Other,BIOLOGY
215285,18,4.242263304,89.49381883,39748.0,4,22.9,21,3,7,1,1,1,0,3,Other,MECHANICAL
203478,16,5.500271303,75.09409398,44939.0,5,11.2,32,1,4,0,1,0,1,1,Female,COMPUTER SCIENCE
212003,25,4.50563891,78.12935081,48256.0,6,16.7,35,0,8,1,0,0,0,0,Male,MECHANICAL
210353,21,4.768525748,70.71775946,73218.0,6,11.4,2,3,4,1,1,1,0,0,Male,CIVIL
212073,22,4.062453966,66.6418822,22887.0,6,5.7,0,1,8,0,0,1,1,2,Other,ARTS
215998,18,5.383137327,69.40782465,27060.0,6,18.7,3,0,8,1,0,1,0,0,Female,COMPUTER SCIENCE
213737,23,4.917748873,52.66042563,55867.0,2,8.8,7,3,9,1,1,1,0,1,Other,COMMERCE
215215,18,5.233115719,90.8854557,44560.0,5,21.5,1,2,7,1,0,0,1,1,Female,MECHANICAL
208817,22,6.170210917,78.68446425,23553.0,2,12.2,33,2,8,0,0,1,0,1,Other,COMPUTER SCIENCE
206596,17,5.085852023,70.61903279,61394.0,3,18.8,22,1,9,0,0,1,0,2,Male,COMPUTER SCIENCE
204978,18,5.720316011,91.98549906,61785.0,3,15.1,28,0,1,0,1,1,0,2,Female,COMMERCE
200508,18,5.188661696,66.11552462,56058.0,6,7.8,22,4,4,1,0,0,0,1,Female,COMMERCE
202203,20,4.04708131,43.72240229,67782.0,4,21.4,28,0,7,1,1,1,0,2,Other,MECHANICAL
217917,25,5.66560284,81.82147599,61170.0,2,6.8,4,4,0,0,0,0,0,0,Male,BIOLOGY
212664,21,6.255212083,67.40007321,70032.0,5,9.0,53,2,9,0,0,1,0,3,Female,BIOLOGY
210730,21,5.935777132,77.39142865,51088.0,4,12.2,55,0,2,1,0,1,1,2,Other,MECHANICAL
202745,24,5.473824757,84.48079144,32201.0,5,8.6,54,3,7,0,1,1,1,2,Male,MECHANICAL
216678,18,5.705704881,67.14925692,43408.0,6,16.7,8,4,0,1,1,1,0,2,Male,COMMERCE
209848,22,6.336737479,99.63634416,71706.0,5,11.8,9,0,9,0,0,0,0,1,Male,ELECTRONICS
211585,23,5.279921469,79.56483567,68435.0,6,20.9,5,1,4,1,0,1,1,2,Female,COMMERCE
213972,19,4.239838462,83.16828725,0.0,3,9.8,34,2,0,1,0,0,0,3,Male,ELECTRONICS
209275,26,4.682662779,91.21476324,34384.0,5,15.0,46,2,7,1,0,0,0,2,Female,ELECTRONICS
205671,24,4.662569672,64.36424526,26157.0,5,20.6,45,3,5,1,0,0,0,2,Female,BIOLOGY
213646,22,5.589665327,90.3833305,54336.0,6,21.9,6,1,5,0,1,1,0,2,Male,MECHANICAL
203411,25,5.403502468,70.70247206,36645.0,2,18.2,14,4,2,0,0,0,1,0,Female,COMMERCE
207973,19,6.929930416,68.83608123,62104.0,2,16.5,21,1,9,1,0,1,1,3,Female,ARTS
208836,19,4.057413745,82.03953696,81654.0,5,24.9,17,3,2,1,0,0,0,2,Male,COMPUTER SCIENCE
207757,16,5.216143404,60.99020946,60753.0,4,15.4,17,3,1,0,0,0,1,0,Other,COMMERCE
208805,26,6.534563505,58.40134083,70049.0,6,15.1,0,0,3,0,0,0,0,2,Male,ARTS
218013,22,5.695456396,81.66678042,64527.0,2,18.8,37,4,1,0,0,0,0,2,Male,MECHANICAL
208599,21,5.274791932,82.66752866,122854.8999999992,4,15.1,33,1,7,0,1,0,0,2,Other,ARTS
215478,21,6.04825053,64.73766004,60441.0,3,21.6,27,3,1,1,0,1,0,0,Male,ARTS
207652,24,4.070334244,92.59856594,59307.0,4,12.7,49,3,2,0,1,1,0,2,Male,ARTS
212806,22,5.220080405,74.07621355,38387.0,4,22.9,0,0,1,0,0,1,0,2,Male,BIOLOGY
201351,23,6.072971593,74.14518518,62223.0,4,15.1,24,1,7,0,0,1,1,0,Female,CIVIL
210193,17,6.31744983,60.32273095,72875.0,3,19.2,35,4,4,0,1,1,1,2,Female,BIOLOGY
205826,26,4.095706211,89.66177171,54423.0,3,24.4,40,1,1,1,0,1,0,2,Female,CIVIL
217450,26,6.044922963,86.23911373,26425.0,6,20.1,30,1,9,0,1,0,0,0,Male,MECHANICAL
212323,21,5.82191289,63.42642721,53181.0,2,15.5,14,3,1,0,1,0,1,3,Female,COMPUTER SCIENCE
204192,16,6.054315934,70.87986773,81874.0,3,9.8,56,3,8,0,0,1,1,2,Male,CIVIL
202213,23,4.54308964,79.58317084,37812.0,3,17.7,32,2,4,0,1,1,0,1,Other,COMMERCE
205084,23,4.982918028,82.73099138,33214.0,2,21.7,44,3,4,0,1,1,0,2,Other,COMPUTER SCIENCE
218023,26,5.686019798,67.77642458,15763.0,4,10.7,49,0,2,0,0,1,0,0,Male,COMMERCE
209646,17,4.967142534,84.97805003,72640.0,4,17.8,25,2,2,0,1,1,0,2,Female,BIOLOGY
215319,21,5.454848862,68.72701521,29164.0,6,21.1,52,1,7,0,1,0,1,1,Male,BIOLOGY
211497,16,5.161175496,59.95071412,37643.0,2,20.0,11,2,1,0,0,1,0,2,Other,MECHANICAL
204110,26,4.540855261,75.09409398,20912.0,5,15.9,13,1,6,0,0,1,0,2,Male,CIVIL
212701,25,4.261618684,68.9277957,4579.0,6,12.9,33,0,8,0,1,0,1,1,Male,CIVIL
215069,23,5.437300054,75.11094009,41448.0,5,23.6,28,3,5,0,1,1,1,1,Male,ARTS
214672,20,6.954253716,68.91903785,56167.0,4,17.6,40,2,6,0,1,1,0,2,Female,COMMERCE
202688,22,6.742220574,79.64861918,24467.0,4,10.3,1,2,6,0,0,1,0,1,Male,MECHANICAL
219852,16,6.371048345,56.70120884,77107.0,3,8.6,52,3,0,0,1,0,1,2,Male,COMMERCE
209901,20,5.169888309,60.08824381,58445.0,5,17.5,52,1,8,0,1,0,1,2,Male,CIVIL
208093,20,5.908412389,86.43891396,24225.0,5,7.8,45,1,3,0,0,1,0,2,Male,COMPUTER SCIENCE
218558,20,4.867092952,78.30316788,52206.0,5,23.3,35,0,7,0,1,1,0,2,Female,CIVIL
200027,17,5.234809437,70.19318586,65557.0,5,17.3,35,3,6,0,0,1,0,3,Male,CIVIL
215253,21,6.191469411,89.01971648,8678.0,3,12.9,59,3,2,0,0,0,0,0,Male,COMPUTER SCIENCE
207052,16,5.958036678,86.35081509,47644.0,5,13.5,3,0,1,0,0,0,1,2,Male,CIVIL
207163,24,4.991868493,77.79512543,18944.0,2,21.8,13,4,9,0,1,1,0,2,Female,COMMERCE
208239,17,4.732703469,46.24758569,57472.0,2,21.6,6,3,7,0,0,1,1,0,Male,COMMERCE
219523,25,4.23144538,66.54085426,50674.0,2,13.3,6,1,2,0,0,1,1,2,Female,BIOLOGY
208558,22,4.972935785,81.76488768,70377.0,4,21.6,21,0,5,1,1,1,1,3,Female,ARTS
211048,21,6.40749737,75.09409398,57921.0,3,8.7,42,2,9,0,1,0,0,0,Male,MECHANICAL
206906,25,5.643344091,78.6911736,49556.0,3,21.8,14,2,6,0,0,1,1,3,Male,COMMERCE
200873,24,6.635729892,91.6312029,61206.0,5,15.6,18,2,8,1,0,1,0,2,Male,CIVIL
211280,18,4.996374711,80.86880819,36521.0,5,11.8,55,2,9,0,0,1,1,2,Male,BIOLOGY
215850,20,5.444385213,79.54947996,84086.0,3,17.9,54,2,4,0,0,1,0,2,Male,BIOLOGY
209796,26,6.671350189,65.78143718,39067.0,2,19.5,14,1,6,1,1,0,0,3,Male,COMMERCE
201381,16,6.194603793,57.41689242,35883.0,6,24.3,40,3,5,0,0,1,0,3,Female,CIVIL
210317,17,4.271332745,59.88359532,42214.0,6,8.2,13,4,8,1,0,0,0,0,Male,MECHANICAL
202931,16,4.64100531,82.88300058,14151.0,3,12.7,18,3,0,1,0,1,0,2,Male,COMPUTER SCIENCE
203695,21,4.825099243,77.24945405,61672.0,6,8.0,40,0,1,0,0,1,0,2,Other,ELECTRONICS
213938,26,5.649193715,86.55365199,57606.0,6,6.4,56,0,4,1,0,1,1,1,Male,MECHANICAL
218145,19,6.093679345,78.78578224,25840.0,3,11.2,22,0,0,0,0,0,0,2,Other,ARTS
211833,23,6.4221035,70.78038345,15570.0,5,16.5,41,3,9,0,0,1,0,0,Male,ELECTRONICS
212834,17,5.707188366,81.35745211,64957.0,5,21.3,44,4,3,0,1,1,0,1,Male,CIVIL
215983,26,4.166763509,75.99202427,40063.0,4,18.2,56,4,2,0,0,1,0,2,Male,COMPUTER SCIENCE
208059,22,6.888700495,96.19235659,57721.0,4,7.0,51,0,4,0,0,1,1,2,Other,ELECTRONICS
211655,22,5.500271303,76.07195913,62771.0,6,22.5,1,4,1,0,0,1,0,2,Male,CIVIL
209363,18,6.301968913,67.48877137,57998.0,2,13.5,3,1,2,0,0,1,0,2,Other,COMMERCE
210158,26,6.079293202,77.13074094,22539.0,3,23.8,49,3,5,0,0,0,0,1,Other,COMMERCE
215484,20,5.500271303,76.27522799,52855.0,4,15.1,14,2,3,1,0,1,1,2,Male,COMPUTER SCIENCE
216046,19,5.784916237,66.58310702,38121.0,2,10.3,50,3,4,0,0,1,0,2,Other,MECHANICAL
201238,17,6.705701038,87.60466273,54694.0,6,15.2,12,2,3,0,0,1,0,1,Male,COMPUTER SCIENCE
216734,16,6.52693338,48.91526294,21084.0,2,7.1,14,3,7,1,0,1,1,2,Male,MECHANICAL
213356,24,6.368735214,60.7893119,46857.0,5,6.6,24,3,8,1,1,1,0,2,Male,MECHANICAL
212955,19,5.564413634,74.7759668,47290.0,4,21.8,37,0,0,0,1,1,1,2,Other,ARTS
212492,19,5.269653642,84.96756765,31676.0,5,9.5,39,4,6,1,0,1,1,2,Female,ARTS
211536,25,5.651846527,73.40529024,41386.0,2,23.8,10,1,9,0,0,0,0,2,Male,CIVIL
204184,16,5.564346412,63.23979158,60648.0,5,8.2,37,4,1,0,0,1,0,2,Female,COMPUTER SCIENCE
205415,21,5.500271303,79.85533746,45094.0,4,19.5,17,4,2,0,0,1,0,2,Male,BIOLOGY
216675,22,4.57057811,57.50377177,43527.0,5,20.8,39,4,9,1,0,0,0,0,Male,COMPUTER SCIENCE
213523,18,5.660224623,73.8020547,16539.0,2,15.1,25,2,3,0,0,0,0,0,Male,BIOLOGY
210229,19,5.716099256,78.86704399,45467.0,2,21.8,15,3,3,0,0,0,0,2,Male,BIOLOGY
208731,21,4.858571554,70.31323444,23001.0,5,8.2,18,0,0,0,1,1,0,2,Male,COMMERCE
217769,23,6.498686208,52.41160455,64514.0,4,19.2,4,4,5,1,0,1,1,3,Female,COMMERCE
208230,26,6.991917995,76.57705173,77481.0,3,6.2,7,4,1,0,0,1,1,1,Male,COMMERCE
202698,18,4.303078123,86.17222448,58700.0,5,16.7,47,1,1,0,0,1,1,2,Male,ARTS
210120,17,6.875892172,50.55617748,18450.0,2,14.4,4,3,9,0,0,0,1,2,Female,ARTS
214498,19,4.391948744,70.18164511,50511.0,4,6.4,30,1,4,1,0,0,0,2,Female,COMPUTER SCIENCE
211846,23,5.500271303,82.83417905,80477.0,2,5.4,40,4,7,0,1,0,1,2,Other,MECHANICAL
200738,21,6.547314652,86.40001472,40604.0,4,24.2,2,1,9,0,0,1,0,2,Male,MECHANICAL
209928,25,4.790252833,66.45629504,35931.0,4,10.8,48,1,6,1,1,1,0,2,Other,COMPUTER SCIENCE
207881,16,4.889486067,81.5266615,56385.0,3,8.5,16,3,9,0,0,1,0,2,Female,ELECTRONICS
215008,16,6.333549898,94.33658525,18611.0,4,23.7,4,2,8,0,1,0,0,3,Female,MECHANICAL
217436,16,5.099620716,97.69723324,25464.0,4,6.3,57,3,6,0,0,1,0,2,Other,BIOLOGY
206215,21,6.500405826,82.12626397,122854.8999999992,3,12.6,28,1,6,0,1,1,0,0,Male,CIVIL
203153,23,5.471602319,71.96961939,93786.0,4,8.8,54,0,1,0,0,1,0,1,Female,CIVIL
205643,26,4.070566056,92.52265035,53494.0,5,10.6,34,4,3,0,1,1,0,2,Male,CIVIL
200866,25,5.470657791,68.70718553,57512.0,5,10.5,31,2,4,1,0,1,1,2,Male,ARTS
209571,21,6.479214884,67.54511538,118138.0,5,15.1,40,1,2,0,0,1,0,2,Male,ELECTRONICS
201800,16,4.89506828,76.09649936,16354.0,6,19.4,48,2,9,0,0,1,0,2,Female,ELECTRONICS
204164,24,4.207079656,94.84496387,56212.0,6,18.0,0,3,8,1,0,1,0,1,Male,COMMERCE
214972,25,4.802356987,74.36151229,54138.0,6,8.1,43,4,3,0,0,1,0,2,Female,CIVIL
209077,17,4.397238474,92.88326744,68629.0,4,10.8,4,3,6,0,0,1,0,0,Male,MECHANICAL
215777,26,5.727827969,86.49577511,32898.0,5,18.1,8,1,9,1,0,1,0,2,Male,COMMERCE
219035,25,6.293386462,69.63163739,55131.0,3,11.6,27,3,6,1,0,1,0,2,Female,COMPUTER SCIENCE
210765,20,4.704242421,51.3892084,18349.0,3,22.2,1,3,8,0,0,1,0,2,Other,MECHANICAL
216647,26,5.660049257,66.78131002,31420.0,2,8.9,37,2,8,1,1,1,1,3,Male,COMPUTER SCIENCE
206907,20,6.89501597,57.68772056,55265.0,3,23.8,4,3,7,0,0,1,0,2,Male,COMPUTER SCIENCE
215073,22,6.005569887,80.73449013,62299.0,6,11.4,27,0,4,1,0,1,1,2,Other,ARTS
206025,19,6.899986566,59.83158121,25705.0,5,16.3,42,4,5,0,1,1,0,2,Male,ARTS
211807,21,4.803415336,62.11908555,71276.0,6,18.1,40,3,0,0,0,0,0,3,Female,MECHANICAL
207077,22,6.537037342,57.56159037,27511.0,5,14.6,13,4,8,0,0,1,1,2,Other,BIOLOGY
219592,21,5.581229129,62.98340657,16004.0,4,23.4,13,1,8,1,1,1,0,2,Female,CIVIL
213645,26,6.125059324,88.57868071,47685.0,2,8.8,42,1,2,0,0,1,0,1,Male,COMMERCE
203473,25,4.26936751,71.57592822,68582.0,5,17.6,20,2,1,1,0,1,1,2,Male,BIOLOGY
217106,17,5.500271303,95.60640209,44122.0,2,20.7,41,1,1,0,0,1,0,2,Male,ELECTRONICS
217702,23,5.67259155,86.16177145,32512.0,2,8.5,31,0,8,0,0,1,0,3,Male,COMPUTER SCIENCE
207179,23,5.500271303,74.28985087,70717.0,3,20.1,30,2,5,0,0,1,0,2,Male,ELECTRONICS
203210,20,6.507834897,100.0,42855.0,2,15.1,45,4,3,0,0,1,0,2,Other,ARTS
216490,26,6.764769332,68.80923938,57323.0,2,16.2,8,4,3,0,0,1,1,1,Other,MECHANICAL
211969,17,5.621342388,65.44334336,54686.0,5,13.2,23,1,4,0,1,1,0,2,Female,ARTS
203237,17,4.248942375,72.91162519,66216.0,2,9.1,58,3,1,1,0,0,0,2,Male,ARTS
203326,21,6.419268766,76.44012364,54973.0,4,14.6,3,4,7,0,1,1,0,0,Other,BIOLOGY
205469,18,6.33737918,69.48270577,43262.0,2,15.5,30,4,9,0,1,1,0,0,Male,ARTS
202619,20,4.526485112,69.3651252,70773.0,6,15.4,38,1,8,1,1,1,0,1,Female,COMMERCE
215436,24,4.573694151,90.55891563,46091.0,4,19.3,49,1,2,1,1,0,1,2,Male,COMMERCE
210927,25,5.500271303,91.09487961,47409.0,3,12.7,41,1,9,0,1,0,1,2,Male,COMMERCE
213148,19,5.007472201,86.19384661,40729.0,2,19.6,59,1,4,0,0,1,0,2,Female,ELECTRONICS
219796,18,5.500271303,68.26535538,22082.0,4,15.1,18,4,6,0,0,0,0,2,Male,CIVIL
217815,22,4.339747934,72.16573637,38193.0,4,15.5,17,4,9,1,0,1,0,2,Male,COMMERCE
217391,23,5.699404117,72.42072255,64861.0,4,10.9,7,3,4,0,0,1,0,0,Female,ELECTRONICS
208434,25,5.545638171,61.43293871,69507.0,5,14.5,13,1,4,1,0,1,0,3,Female,ARTS
212137,25,4.651747789,90.63727352,57345.0,3,11.1,3,4,8,0,0,1,0,2,Female,ARTS
204735,20,5.660117121,79.95129262,78149.0,4,5.5,33,3,4,1,0,1,1,1,Female,COMMERCE
201337,24,4.849285674,80.60392367,46094.0,4,7.4,55,0,1,0,0,1,0,2,Female,COMPUTER SCIENCE
216316,17,6.057929332,69.6860235,18046.0,6,18.2,31,4,0,0,1,1,1,0,Female,MECHANICAL
202308,22,5.760407036,82.71701803,75941.0,5,15.7,37,0,1,1,0,1,0,2,Male,BIOLOGY
207139,17,5.649428386,81.41871171,39315.0,3,15.9,22,1,3,0,0,1,0,1,Male,BIOLOGY
200392,24,5.49821012,59.8003253,71009.0,4,6.7,33,4,3,0,1,0,1,1,Male,ARTS
206065,19,6.294179604,70.45088524,18207.0,4,24.7,31,0,4,1,0,1,0,0,Other,ARTS
215752,18,6.191901139,86.38582858,50823.0,2,8.2,38,4,3,0,0,1,0,2,Male,COMMERCE
218281,21,4.307572302,79.9913191,39669.0,5,14.0,53,3,3,1,1,0,0,3,Other,CIVIL
201930,25,6.896184182,70.69863758,48527.0,3,9.6,40,4,8,0,0,1,1,2,Male,MECHANICAL
203953,20,4.97670947,69.94722915,74832.0,5,5.6,44,2,4,0,0,1,0,2,Male,COMPUTER SCIENCE
201854,23,5.600518105,89.85582609,53171.0,3,18.2,5,3,2,1,0,0,1,0,Male,COMMERCE
207534,20,5.504182916,73.93218891,49664.0,6,24.9,16,4,9,1,0,1,1,2,Male,ARTS
200433,21,5.164524659,62.4376197,76426.0,6,14.1,47,2,5,1,0,0,1,3,Male,BIOLOGY
202417,19,6.486494387,63.18858264,43636.0,3,18.8,51,2,3,0,1,1,0,2,Male,ELECTRONICS
219993,22,5.761882178,84.64018428,67754.0,5,15.1,25,0,2,0,0,0,0,0,Male,MECHANICAL
205739,16,5.388138529,65.48151908,64428.0,4,14.4,19,2,3,0,0,1,0,2,Female,MECHANICAL
206547,22,4.868948029,73.01928138,55644.0,2,8.8,44,0,9,0,1,1,0,2,Other,CIVIL
209720,16,5.274582398,67.45743133,15847.0,3,15.2,38,2,0,0,1,1,0,2,Other,MECHANICAL
216160,25,6.359335722,57.66944658,80521.0,6,19.7,28,0,8,0,0,1,1,1,Female,ELECTRONICS
216796,16,4.995539664,81.08712604,66940.0,4,15.2,3,3,7,0,0,1,0,1,Female,COMMERCE
202019,26,5.984838171,75.03896481,55905.0,4,13.6,36,1,4,0,0,1,0,2,Female,ARTS
203033,26,4.952982047,82.43067179,63504.0,3,14.7,49,0,7,0,1,1,0,2,Male,MECHANICAL
210833,22,5.01122701,66.10938022,52179.0,3,21.1,15,2,3,0,1,0,0,2,Male,BIOLOGY
205488,20,5.533776312,62.5092952,33984.0,2,8.1,44,3,5,0,0,0,0,2,Male,CIVIL
214388,17,4.477360478,44.10112114,59680.0,3,15.1,41,3,7,0,0,1,0,2,Male,ARTS
204149,19,5.997766367,96.84780093,42398.0,5,18.9,4,2,4,0,0,1,1,2,Female,BIOLOGY
219463,24,4.795104711,95.61094416,76247.0,3,19.7,49,4,0,0,0,1,0,3,Male,MECHANICAL
219468,16,5.018410473,76.63544173,62802.0,2,16.3,50,0,3,0,0,1,0,2,Male,ARTS
213671,19,6.144435385,68.22981293,44034.0,6,10.8,9,0,3,1,0,0,1,0,Male,COMMERCE
216930,23,5.874306655,77.50080449,76024.0,6,21.0,47,3,4,1,0,1,0,1,Male,COMMERCE
201799,23,6.28484486,57.52672098,36807.0,6,11.7,5,4,4,1,1,1,0,3,Female,COMPUTER SCIENCE
207059,19,4.45903379,94.62587345,25558.0,3,24.6,36,2,7,0,0,0,0,2,Female,BIOLOGY
217359,24,4.74361353,75.09409398,20970.0,3,7.9,37,3,2,0,1,0,0,2,Female,COMMERCE
209677,21,6.331993853,82.81886808,81043.0,6,14.9,12,4,2,0,0,1,0,0,Female,BIOLOGY
202239,23,5.135849514,67.39323021,108022.0,4,12.0,53,2,6,0,1,0,0,3,Male,ELECTRONICS
204533,23,4.623506788,85.88048671,25624.0,3,15.1,5,0,7,0,1,1,0,2,Male,CIVIL
207987,17,4.867830062,77.23814984,71859.0,2,6.3,54,2,5,0,1,1,1,2,Other,COMMERCE
219513,25,5.707431959,94.6147718,59377.0,2,7.6,29,2,4,0,0,1,0,2,Female,BIOLOGY
215679,17,6.938596483,79.5200772,35946.0,6,23.5,21,4,6,0,0,0,1,2,Male,ELECTRONICS
210015,21,5.917192613,72.72752886,19625.0,4,18.2,31,1,5,0,0,0,0,1,Female,CIVIL
217309,25,6.449033155,54.37281754,69765.0,5,9.6,53,0,9,1,0,1,1,2,Male,MECHANICAL
205291,22,5.678418235,89.15384894,65494.0,4,7.8,37,2,5,0,1,1,0,2,Male,COMMERCE
218408,22,6.706655782,81.7255861,42630.0,5,21.3,11,2,9,1,0,0,0,2,Male,CIVIL
216701,21,6.214191494,85.26140926,41692.0,4,12.9,9,4,1,1,0,1,0,2,Other,CIVIL
216254,23,4.221617938,80.01541813,100815.0,4,21.2,45,0,1,0,0,0,0,1,Male,ELECTRONICS
217177,17,5.500271303,86.04784803,65327.0,2,18.7,3,1,6,0,0,0,1,2,Male,MECHANICAL
205602,26,4.692013969,66.94300334,65192.0,5,9.0,53,4,4,0,1,1,0,2,Female,CIVIL
215120,16,5.536220962,52.57208089,57488.0,4,24.2,56,2,4,1,0,1,0,2,Female,ARTS
201967,24,4.102802267,75.09409398,32790.0,2,6.6,46,2,1,0,1,1,0,2,Male,BIOLOGY
208252,19,6.580795194,93.34762218,55055.0,6,18.8,43,2,7,0,1,0,0,3,Other,COMMERCE
200867,23,5.948419042,93.66977178,40043.0,6,20.0,23,4,0,0,0,1,0,3,Male,COMMERCE
215967,23,6.705047881,91.19964153,54320.0,3,19.3,47,0,1,0,0,0,0,2,Male,COMMERCE
213576,19,4.488758507,60.13252137,46806.0,5,17.4,55,0,0,1,0,1,1,1,Male,CIVIL
208733,16,4.387561133,60.65447151,58114.0,6,17.6,47,2,3,0,0,1,0,2,Male,ELECTRONICS
215685,26,4.581475395,75.09409398,98249.0,3,22.8,41,3,8,0,0,1,1,3,Male,ELECTRONICS
212937,16,4.892799385,74.90156996,25922.0,2,20.5,13,2,9,0,0,1,1,2,Male,CIVIL
201206,24,5.665987286,83.52423978,41285.0,5,7.9,29,0,8,1,1,0,0,3,Male,ELECTRONICS
215637,19,4.403028106,76.85661578,61326.0,3,15.1,50,4,8,0,0,1,0,0,Male,MECHANICAL
211372,25,6.532330237,75.75101272,49378.0,3,21.7,55,1,5,0,0,0,1,3,Female,COMMERCE
205817,19,4.791612164,71.6549403,30634.0,6,20.4,9,0,2,1,0,1,1,3,Female,COMMERCE
215727,22,4.988163311,83.73058472,44892.0,4,9.6,31,4,9,1,0,1,0,2,Female,COMPUTER SCIENCE
210091,16,5.439310506,85.42517529,33369.0,5,13.5,38,4,7,0,0,0,0,0,Female,MECHANICAL
209472,20,5.364256586,70.02103397,45877.0,3,22.1,41,3,0,0,1,1,1,3,Male,COMMERCE
214956,26,5.500271303,93.51121774,47949.0,2,10.4,52,3,2,0,0,1,0,2,Male,MECHANICAL
206063,22,4.321968057,55.20355528,21079.0,3,22.8,16,0,2,0,0,1,0,3,Female,BIOLOGY
217157,16,6.240793008,57.7976312,59178.0,3,18.2,28,2,0,0,0,1,0,2,Other,CIVIL
215332,23,4.414567077,92.66895413,67649.0,5,12.6,24,0,2,0,0,1,0,3,Female,ELECTRONICS
216941,26,6.538197292,80.4048651,52123.0,2,15.1,10,2,7,0,0,0,0,2,Other,BIOLOGY
219218,19,6.447575626,52.6281469,78934.0,2,12.6,55,1,4,0,0,1,0,2,Male,ARTS
204205,21,5.424866913,78.9066164,61450.0,4,6.3,35,1,1,0,0,0,1,2,Other,BIOLOGY
202128,26,4.247193344,87.61572262,63287.0,4,19.0,38,4,1,0,0,1,0,2,Female,CIVIL
219648,21,6.958841039,69.32227958,82674.0,3,23.5,1,1,6,0,0,1,1,0,Male,CIVIL
219742,26,4.743560596,94.7974436,53863.0,5,6.4,38,1,7,0,1,1,0,2,Female,CIVIL
206774,24,5.500271303,52.4057425,52578.0,5,16.7,9,4,9,0,1,1,1,0,Female,COMMERCE
219908,16,5.960757651,56.28943989,80724.0,2,7.5,47,4,2,1,0,1,0,1,Male,COMPUTER SCIENCE
210302,24,5.136534069,77.76561556,49122.0,6,22.8,0,2,1,0,1,0,0,2,Female,COMPUTER SCIENCE
213405,17,4.213047073,89.13300011,43400.0,3,8.8,50,3,2,0,0,1,1,2,Male,COMPUTER SCIENCE
208122,22,6.943998363,70.89048879,56594.0,3,13.4,20,2,0,0,0,0,0,3,Male,ARTS
203994,16,5.289814028,81.39753358,45369.0,5,9.8,53,1,5,1,0,1,0,2,Female,COMMERCE
211028,18,4.943565124,81.54886202,84929.0,4,16.6,51,1,6,0,1,1,0,2,Male,CIVIL
203172,19,6.793615648,75.32255202,35027.0,3,24.2,34,3,9,0,1,0,0,0,Male,COMPUTER SCIENCE
201518,22,5.349168804,74.09274722,29404.0,3,15.7,18,2,1,0,0,1,0,3,Male,COMMERCE
208217,16,4.177199729,93.57488723,66492.0,5,9.5,23,1,9,0,0,1,1,2,Male,ARTS
201142,17,4.494574339,71.00068544,61354.0,2,15.2,4,0,1,0,0,1,1,3,Female,CIVIL
215507,22,4.225346773,62.60956448,41164.0,6,6.7,38,3,0,1,0,1,1,2,Female,MECHANICAL
212105,21,6.195173482,54.42253637,24879.0,3,23.8,2,4,9,0,1,1,1,3,Male,COMMERCE
210582,26,4.661111339,79.70455579,58327.0,2,21.1,37,0,8,0,0,1,1,1,Male,COMMERCE
205475,25,4.800682205,79.22959338,13296.0,6,24.0,32,1,5,0,0,1,1,1,Male,COMMERCE
201476,16,4.422922856,78.6469037,16807.0,2,19.9,20,0,8,0,1,1,0,2,Other,COMMERCE
210166,16,6.459528037,76.96275102,76760.0,6,7.3,12,2,9,0,1,0,1,2,Male,COMPUTER SCIENCE
209743,20,4.130549907,76.19273481,46575.0,4,18.1,16,1,1,0,0,1,0,2,Male,BIOLOGY
204393,20,6.888714628,86.22816255,54870.0,2,16.6,20,0,7,0,0,0,1,2,Other,ARTS
210308,17,4.041997492,75.6102518,35935.0,3,18.4,20,0,6,1,0,0,1,1,Female,ELECTRONICS
217561,21,4.779139255,75.09409398,28641.0,2,11.5,19,0,1,0,1,1,1,2,Male,CIVIL
209874,19,4.764952797,59.76951446,70635.0,6,11.8,43,2,4,0,0,1,0,1,Male,MECHANICAL
205667,23,5.500271303,52.13598013,14461.0,3,17.3,13,2,1,0,0,0,0,2,Other,ARTS
213697,26,6.872272283,79.83977967,23780.0,2,15.3,25,2,0,0,0,1,0,0,Male,MECHANICAL
208409,21,4.605348282,90.84056465,26690.0,5,6.6,44,0,3,0,1,1,1,2,Male,BIOLOGY
201837,16,5.367841799,86.17107226,66722.0,6,18.3,28,1,1,1,1,1,0,2,Other,BIOLOGY
208938,22,5.775656163,82.61072382,122854.8999999992,5,12.6,38,4,7,1,1,1,1,3,Male,MECHANICAL
205451,22,6.632906498,67.89244385,21892.0,4,20.3,9,0,6,0,1,1,0,0,Male,ARTS
219886,16,6.475317726,75.09409398,64825.0,6,14.4,37,2,8,1,0,1,0,2,Female,CIVIL
204485,22,6.517682233,87.35117295,40739.0,3,17.2,4,2,7,0,0,1,0,3,Male,ARTS
213792,22,6.780805741,75.48924304,62388.0,3,13.2,1,2,9,0,0,0,1,2,Female,CIVIL
202842,20,6.758177624,71.09891452,38365.0,3,6.3,57,0,9,0,0,1,0,0,Male,MECHANICAL
200587,21,6.583104005,78.25096722,48800.0,3,8.9,55,2,2,0,0,0,0,2,Female,CIVIL
216368,24,5.756087377,85.65104462,64148.0,4,22.4,32,2,6,0,0,0,0,0,Male,BIOLOGY
216130,23,6.939084271,87.44824019,122854.8999999992,6,10.3,3,1,9,0,0,1,0,0,Male,COMPUTER SCIENCE
214541,23,4.253942115,87.96820885,70619.0,5,7.1,55,3,2,1,0,1,0,2,Female,ELECTRONICS
215420,22,6.654438886,66.16251358,54498.0,6,6.9,52,1,1,0,1,1,0,1,Other,ARTS
207490,23,6.085245246,91.39442994,69793.0,2,9.1,35,2,2,0,0,0,0,1,Male,CIVIL
219308,21,5.836265511,87.11847105,58563.0,6,13.8,52,3,6,0,0,0,0,1,Other,BIOLOGY
207070,16,6.124557432,88.62023631,73562.0,6,11.4,19,3,5,0,0,1,1,2,Male,ARTS
214549,23,6.267842423,59.78162043,70102.0,6,14.5,40,2,3,0,0,1,1,2,Male,COMMERCE
208614,18,6.696554338,61.37876854,38210.0,6,10.2,14,4,4,0,0,1,0,2,Other,BIOLOGY
207177,16,5.933832876,96.14165812,25346.0,2,24.0,59,4,6,0,0,0,0,3,Female,CIVIL
212952,16,6.212670871,66.54448869,67425.0,3,22.9,47,2,3,1,1,1,0,2,Other,COMPUTER SCIENCE
202531,21,5.385461456,62.53277475,59515.0,5,15.1,54,2,8,0,0,0,0,2,Male,BIOLOGY
211654,23,6.650237325,75.09409398,51912.0,4,9.7,6,4,9,0,0,1,1,3,Female,COMMERCE
207106,18,4.911721613,82.65864686,49448.0,3,22.3,12,4,2,0,0,1,1,0,Female,ARTS
217781,24,4.931380584,92.60554553,47734.0,4,7.4,28,0,7,0,0,0,0,2,Male,BIOLOGY
206221,16,4.67618116,76.45154729,50893.0,4,21.5,10,1,4,1,1,0,1,2,Female,ARTS
209909,26,4.752777287,72.38232373,50105.0,3,24.0,8,1,7,0,0,1,0,2,Female,ELECTRONICS
201874,23,6.593726159,66.63842429,40093.0,6,14.2,8,0,7,0,1,0,0,2,Male,ELECTRONICS
209299,24,5.501555442,61.3103709,44021.0,5,24.6,11,3,2,0,0,1,1,2,Female,ARTS
215145,25,4.793143062,68.70753122,34574.0,4,18.2,17,4,0,0,0,0,1,2,Male,COMPUTER SCIENCE
211223,19,5.337180797,78.30378164,25127.0,2,14.5,44,0,5,0,0,1,0,2,Male,CIVIL
202301,17,5.320089866,67.41555958,44600.0,5,5.3,36,3,3,1,0,1,1,2,Male,BIOLOGY
202112,24,6.857799045,64.24556821,68950.0,2,24.2,40,0,9,0,1,1,1,2,Female,BIOLOGY
212939,24,6.597909696,68.32716827,48534.0,3,20.9,40,2,4,0,0,1,0,2,Female,ELECTRONICS
215437,26,6.69984045,82.49608379,73618.0,5,6.1,21,3,3,0,1,1,0,2,Male,BIOLOGY
214229,18,5.581799484,61.67830234,41867.0,5,23.6,58,4,3,0,1,1,1,2,Female,BIOLOGY
217139,26,6.61112867,52.14919259,102527.0,5,6.9,42,4,2,1,1,1,1,1,Female,MECHANICAL
217144,18,4.198336738,56.30686854,74214.0,3,20.7,33,3,0,0,0,1,1,2,Female,MECHANICAL
205933,16,5.500271303,63.26914085,23157.0,2,24.4,53,2,9,0,1,0,0,2,Female,ARTS
202245,21,4.713262257,82.5826832,66046.0,2,15.1,9,0,6,0,1,0,1,2,Female,MECHANICAL
217163,18,6.86110611,71.5669418,50486.0,5,17.0,1,3,1,0,0,1,0,2,Male,MECHANICAL
214801,18,5.57513677,86.44702732,53843.0,4,20.2,25,3,3,0,0,0,0,0,Female,BIOLOGY
203186,25,6.896452914,79.59177725,53817.0,2,19.1,45,1,3,0,0,1,0,0,Other,ARTS
209579,21,4.733327381,73.65995223,49464.0,5,14.8,27,4,7,0,1,1,0,2,Male,COMPUTER SCIENCE
206560,20,5.59421522,81.50479523,72691.0,6,15.3,40,1,2,0,1,1,1,2,Female,ARTS
212591,17,5.312583341,66.4903195,47445.0,6,13.9,1,1,6,0,1,1,0,0,Male,COMPUTER SCIENCE
216069,21,4.71835588,77.7044052,55359.0,4,15.1,17,3,5,0,0,1,0,2,Male,ARTS
207783,17,5.09644755,82.63739648,35576.0,4,14.3,11,4,3,0,0,1,1,2,Female,MECHANICAL
201957,22,6.108049159,69.7500779,73547.0,5,12.9,46,3,6,0,1,1,0,2,Male,COMMERCE
203785,21,5.489539075,100.0,7990.0,6,7.0,58,0,9,0,0,1,0,3,Male,MECHANICAL
202322,23,4.478120528,96.00388047,62365.0,4,12.9,4,3,7,0,0,0,0,2,Other,MECHANICAL
204521,21,5.226546025,59.62934161,57736.0,4,12.6,35,3,4,0,1,1,1,2,Female,ARTS
213002,20,4.954873245,86.45755555,122854.8999999992,5,21.0,3,3,0,0,1,0,0,1,Female,COMPUTER SCIENCE
217635,24,5.500271303,92.05418141,14141.0,2,7.2,42,2,0,0,0,1,0,2,Male,COMMERCE
203525,20,4.571396553,65.48361877,74504.0,2,16.8,47,2,2,0,0,1,0,2,Female,MECHANICAL
219715,24,4.409552253,90.23368216,54837.0,6,12.0,16,2,8,1,1,1,1,0,Male,COMPUTER SCIENCE
204016,18,5.834722074,75.93802274,61828.0,5,11.5,26,3,6,0,0,1,0,2,Male,MECHANICAL
204546,21,6.547743065,65.77902139,69353.0,5,23.6,43,3,4,0,0,1,1,2,Male,CIVIL
209498,25,6.102578315,65.45457352,17427.0,5,14.5,27,2,7,0,1,1,0,1,Female,ARTS
217493,25,6.591757952,78.74470549,43533.0,6,11.4,36,1,4,0,1,1,0,2,Male,MECHANICAL
210042,16,5.766821761,77.45725436,24942.0,4,6.6,9,2,2,0,0,1,0,0,Male,COMMERCE
201057,16,4.58054758,99.27620498,57995.0,4,5.9,14,2,5,0,1,0,0,2,Male,MECHANICAL
213487,23,4.377812429,94.64311073,26239.0,2,16.4,46,3,8,0,0,0,1,2,Male,COMPUTER SCIENCE
215670,23,6.15692957,65.55716281,47078.0,5,7.4,50,3,3,0,0,0,1,2,Male,BIOLOGY
216242,17,6.267748523,61.87319473,87941.0,4,18.2,16,0,3,0,0,0,0,2,Male,COMMERCE
203518,18,4.690071136,97.32411512,61049.0,2,13.1,13,3,9,0,1,0,0,2,Male,COMPUTER SCIENCE
212015,24,5.423178659,70.73277716,52340.0,3,22.1,58,3,4,1,0,1,1,0,Male,COMPUTER SCIENCE
202199,24,6.237872705,69.4588094,67900.0,5,13.2,50,3,7,0,1,1,1,2,Female,COMMERCE
203668,25,5.392299111,74.17173507,72068.0,6,20.3,6,3,2,0,0,1,0,0,Other,COMPUTER SCIENCE
206200,22,4.860205451,76.79841359,76873.0,6,21.3,33,3,8,0,0,1,1,2,Female,MECHANICAL
214933,16,5.908828394,87.82854727,77841.0,4,9.5,34,2,6,0,0,1,0,3,Other,ARTS
219819,19,5.933341208,87.21791207,68709.0,4,17.7,50,4,3,0,0,0,1,2,Other,ELECTRONICS
214363,16,6.276480206,74.78008509,20666.0,3,18.1,16,0,5,0,0,1,0,2,Male,COMMERCE
200611,26,6.663200683,73.64974491,50966.0,2,6.3,50,1,6,0,1,0,0,1,Other,COMPUTER SCIENCE
215187,23,4.932818202,60.14833421,38782.0,4,15.8,28,1,3,0,0,1,1,3,Male,CIVIL
219381,25,4.418697317,87.07666239,53194.0,5,8.2,42,2,7,1,1,1,1,2,Male,CIVIL
212045,21,5.392989942,78.86994275,26617.0,3,15.7,12,0,1,0,0,1,1,2,Male,ARTS
212340,24,6.914659895,70.93658769,58345.0,6,17.4,13,2,6,0,0,1,1,3,Female,ARTS
218551,21,5.796593159,84.76840699,3950.0,2,24.7,21,4,1,0,1,1,0,2,Female,COMMERCE
205229,23,6.487547795,74.78927496,68619.0,2,18.1,12,4,4,0,0,0,0,3,Female,BIOLOGY
205969,26,4.730366046,96.72267445,78535.0,5,24.8,19,0,3,1,1,1,0,0,Female,CIVIL
212981,17,6.581928744,62.82411188,63754.0,2,15.1,37,1,8,0,0,0,0,2,Male,CIVIL
201840,22,5.500271303,83.91630717,73738.0,4,21.7,11,3,7,0,1,1,0,2,Female,CIVIL
211523,18,4.539776618,72.00249466,51404.0,5,10.0,48,1,8,1,1,1,0,2,Female,COMMERCE
214245,26,4.45559369,90.59970141,35812.0,4,21.0,35,0,4,0,1,0,0,2,Male,BIOLOGY
203022,23,5.868757993,51.28398833,38533.0,5,6.3,22,0,3,0,1,0,0,3,Male,ARTS
214063,24,4.25136721,60.22160997,68616.0,4,21.1,30,4,0,0,0,1,0,1,Other,BIOLOGY
204289,18,5.805892171,52.6596129,42731.0,5,12.0,19,1,4,0,0,1,1,2,Male,CIVIL
210724,21,4.48086973,87.06630473,63682.0,4,6.3,7,1,9,0,1,1,0,2,Male,COMMERCE
218565,17,6.024059118,68.75765097,87528.0,5,20.5,8,4,4,0,0,0,0,2,Other,COMPUTER SCIENCE
214649,21,6.050680299,71.99978531,63211.0,5,11.9,39,0,0,0,0,1,0,1,Male,BIOLOGY
218726,21,6.526331748,61.90239412,39858.0,4,10.6,44,2,5,0,1,0,0,2,Other,COMPUTER SCIENCE
201997,24,6.899036817,70.34426377,52085.0,2,14.0,43,0,6,0,1,1,0,3,Male,COMPUTER SCIENCE
212593,26,4.06828136,63.66454006,51759.0,3,18.6,53,0,5,0,1,1,0,2,Male,COMMERCE
209783,17,6.177011824,80.72267471,77874.0,4,6.1,47,4,0,1,0,1,0,2,Other,COMPUTER SCIENCE
214556,22,4.72880126,64.58424629,55027.0,2,5.4,10,1,5,0,0,1,0,1,Male,COMPUTER SCIENCE
200326,23,5.538750322,81.45487718,73964.0,4,13.3,30,0,7,0,0,0,0,2,Male,COMPUTER SCIENCE
211455,22,5.330987082,77.64519261,63608.0,5,22.8,39,4,1,0,0,1,0,1,Female,BIOLOGY
210804,21,6.289832224,64.27243792,45509.0,2,12.8,44,1,2,0,1,1,0,2,Male,MECHANICAL
219731,22,4.971572768,92.69560558,59060.0,2,22.2,2,1,5,0,1,0,0,1,Other,COMPUTER SCIENCE
202540,26,6.548988231,94.98001385,51192.0,6,6.3,25,3,3,1,1,1,1,0,Female,COMPUTER SCIENCE
203477,20,6.005889128,77.12509693,39365.0,2,8.9,1,2,9,0,0,0,0,2,Other,COMPUTER SCIENCE
211843,25,6.029416007,72.48666801,34032.0,6,11.4,57,2,1,0,0,1,0,2,Male,CIVIL
214516,18,6.285677735,52.15071687,51370.0,4,7.4,56,0,8,0,0,0,1,2,Male,BIOLOGY
218705,20,5.344320911,87.26680953,64494.0,4,24.0,44,3,4,0,0,1,0,3,Male,BIOLOGY
202627,21,5.522351432,75.94013553,68460.0,3,16.0,24,4,9,1,0,1,0,2,Female,COMPUTER SCIENCE
212798,17,6.912516773,75.09409398,12772.0,4,6.9,46,4,0,0,1,1,1,2,Male,MECHANICAL
201116,20,6.628381506,84.4387501,52190.0,2,6.5,52,2,4,0,0,1,0,3,Other,COMPUTER SCIENCE
205361,21,6.659776839,74.05340271,27301.0,4,6.8,27,3,4,0,1,1,0,1,Female,CIVIL
200863,21,5.945023937,59.93915841,51119.0,4,24.9,5,4,1,1,1,1,0,2,Other,CIVIL
215524,19,5.426918473,79.26588059,27816.0,3,15.3,28,4,0,0,0,1,0,2,Female,ARTS
200815,16,6.303825999,78.67415475,53717.0,4,14.1,42,2,8,1,0,1,0,2,Female,ARTS
218783,23,5.871058369,66.61199729,98539.0,5,22.8,33,1,4,0,0,1,0,0,Male,MECHANICAL
204483,17,4.444131442,73.54652867,23468.0,5,9.3,12,2,6,0,1,1,0,3,Male,COMMERCE
201363,26,4.757664165,59.39640684,122854.8999999992,5,5.9,17,2,3,1,0,1,0,2,Female,CIVIL
211975,21,5.817376968,84.14553605,48588.0,2,17.4,11,4,6,0,1,0,0,0,Male,ARTS
213604,19,5.232924507,60.70286729,66440.0,2,8.7,58,4,2,0,0,1,0,2,Female,ARTS
214850,21,4.744654478,72.07456842,52934.0,5,11.7,22,1,0,0,0,1,0,2,Female,CIVIL
201202,26,4.339548796,77.69466656,52869.0,5,10.4,23,1,1,0,0,1,0,2,Male,COMMERCE
203289,24,5.21268354,81.77570829,44040.0,4,18.2,30,3,4,0,0,0,1,2,Male,COMMERCE
205692,22,4.138703669,77.23291551,36952.0,2,14.1,13,1,6,0,0,0,0,2,Male,CIVIL
215471,23,5.322452197,84.94496034,41406.0,3,17.9,3,2,4,0,0,1,0,2,Female,ARTS
205366,24,6.162326003,82.0034612,65826.0,6,8.4,31,2,9,0,1,0,1,1,Female,MECHANICAL
200003,16,5.919901359,69.21131634,39589.0,3,17.1,11,0,9,0,0,0,0,1,Male,ARTS
219996,20,5.069855349,75.23397742,53012.0,3,7.1,48,2,8,0,0,1,0,2,Male,CIVIL
202391,21,5.500271303,85.97218512,5936.0,6,24.7,21,3,3,0,0,1,0,2,Female,MECHANICAL
208344,22,6.938896006,84.02314793,30879.0,6,14.3,6,3,3,0,0,1,0,3,Other,MECHANICAL
212729,23,6.672617992,54.04320526,35819.0,6,24.6,35,4,1,1,0,0,0,2,Female,MECHANICAL
204775,26,4.915630509,70.71994245,39515.0,5,12.9,30,3,7,1,1,1,0,2,Male,COMPUTER SCIENCE
219182,26,4.169706412,71.79868429,69259.0,2,16.1,39,4,4,1,0,0,1,2,Female,COMPUTER SCIENCE
208555,16,4.841553605,91.73050539,26436.0,4,23.0,22,4,2,0,0,1,1,2,Other,ELECTRONICS
200860,16,4.834370347,93.15599497,49133.0,2,22.8,46,3,1,0,0,0,1,2,Male,ARTS
208735,21,5.467031519,63.94279509,53330.0,5,15.1,33,4,7,0,0,1,0,2,Other,ARTS
209005,22,6.65099718,96.6728971,60260.0,5,12.3,7,3,1,0,1,1,0,2,Male,CIVIL
210440,19,4.322749534,80.80628202,9812.0,4,11.0,38,3,5,0,1,1,1,2,Male,COMMERCE
216156,24,5.84924437,100.0,54154.0,5,21.0,9,3,1,0,0,1,0,0,Male,ARTS
200690,17,5.500271303,56.82368206,44728.0,3,5.7,40,1,4,0,0,1,0,2,Other,ARTS
212308,26,6.272894175,79.7491594,51441.0,2,23.8,58,4,7,0,1,1,0,0,Female,CIVIL
213588,19,5.477358103,68.96502954,68204.0,2,12.3,43,3,4,0,1,1,0,2,Male,BIOLOGY
218847,16,4.082083895,58.77238345,85306.0,3,16.6,49,3,4,1,0,1,1,2,Male,MECHANICAL
201964,25,4.021703789,76.38130469,63452.0,2,6.3,42,0,3,0,0,0,0,3,Male,MECHANICAL
202655,16,6.857010392,67.02016117,107264.0,4,17.6,33,1,2,1,1,1,0,2,Male,COMPUTER SCIENCE
212565,21,6.928779913,79.5455616,17357.0,6,16.3,5,3,1,0,0,1,0,2,Male,ELECTRONICS
212039,25,6.644038638,90.0739469,27733.0,2,11.7,37,3,5,0,0,1,1,2,Other,ARTS
215095,19,5.175210335,91.99947084,104410.0,3,12.1,17,3,8,1,0,1,0,2,Female,COMMERCE
217387,18,6.745501195,73.94245759,83513.0,2,8.0,52,0,9,0,1,1,0,2,Female,BIOLOGY
219869,26,5.303258601,68.65886134,30925.0,6,16.7,42,3,3,0,1,1,0,1,Female,COMMERCE
203390,21,6.067430021,66.99376246,47683.0,4,23.1,7,3,2,0,1,1,0,2,Female,CIVIL
210438,23,6.304125218,70.74343302,29946.0,5,8.1,23,4,0,0,1,0,1,2,Male,COMPUTER SCIENCE
211977,18,5.307106,93.3995601,43603.0,2,13.9,25,3,6,0,0,1,0,2,Female,MECHANICAL
212627,23,4.754775157,94.23022205,71228.0,4,15.1,30,0,5,0,0,0,0,3,Male,ELECTRONICS
218113,21,6.010349456,72.26382702,58013.0,2,16.1,47,0,4,0,0,1,1,3,Other,BIOLOGY
219850,16,6.439632814,76.8136474,66734.0,6,13.4,7,2,1,0,0,1,1,2,Male,CIVIL
202165,16,6.286773201,78.83017035,37548.0,6,15.1,28,4,0,0,0,0,0,2,Male,ELECTRONICS
215903,18,4.008425779,66.31773214,74797.0,4,14.4,22,0,2,1,0,1,1,3,Male,ELECTRONICS
219767,18,5.852923192,84.98595657,25781.0,4,17.7,32,1,9,0,0,1,0,0,Male,MECHANICAL
219549,17,5.407023836,63.62179799,50080.0,2,15.1,29,4,0,1,0,1,0,2,Male,COMPUTER SCIENCE
203155,25,6.565442119,71.69250847,90224.0,6,16.0,14,1,5,0,0,1,1,2,Male,CIVIL
212522,19,5.037705959,75.09409398,122854.8999999992,2,13.5,10,3,4,0,0,1,0,2,Female,MECHANICAL
213980,25,6.585216651,86.36521152,107161.0,6,14.9,8,0,8,0,1,0,1,2,Male,COMPUTER SCIENCE
202665,20,6.44819405,80.76897462,50471.0,5,21.0,25,0,3,0,0,1,0,3,Male,BIOLOGY
213166,17,6.771483981,78.62319734,122854.8999999992,6,11.0,48,4,0,0,0,0,1,2,Female,COMMERCE
209648,25,6.799006368,81.44258298,70269.0,4,22.2,15,0,5,0,0,1,0,2,Female,CIVIL
208620,19,4.659839051,67.57738659,122854.8999999992,2,7.3,18,1,2,0,1,1,0,3,Male,ELECTRONICS
211049,21,4.104444806,64.22115319,50170.0,6,7.7,7,0,9,1,0,1,0,2,Male,ARTS
212891,24,6.687952355,100.0,29976.0,6,6.7,36,2,9,0,1,1,1,2,Male,ARTS
212346,25,4.107291995,78.38989906,52889.0,3,24.5,52,2,1,0,1,0,1,0,Male,MECHANICAL
216282,26,5.891497619,94.42728003,79473.0,6,9.6,33,1,5,0,1,0,0,0,Other,CIVIL
210654,18,5.87617546,71.92902183,26244.0,4,11.0,33,4,8,1,0,1,0,0,Female,COMPUTER SCIENCE
216012,21,5.110184299,81.56474905,44216.0,3,18.7,39,3,1,0,0,0,0,0,Other,BIOLOGY
209227,21,6.181911419,70.48852976,59169.0,4,9.8,25,0,9,1,0,1,1,1,Male,COMMERCE
200378,17,4.3530354,79.20769241,14927.0,2,15.1,40,3,7,0,1,1,0,2,Other,ELECTRONICS
214303,24,5.897840714,74.73227166,32927.0,3,18.1,31,0,7,0,0,1,0,1,Male,BIOLOGY
205053,16,4.32581463,72.66759132,55734.0,2,15.1,41,1,8,1,1,1,0,2,Male,BIOLOGY
215540,25,6.794991254,65.30397284,69595.0,4,17.4,43,0,7,0,0,1,0,3,Male,MECHANICAL
214276,23,4.443326662,55.75433168,37164.0,3,7.6,21,2,8,1,0,0,0,3,Male,ARTS
201563,21,5.512895244,70.03534093,35875.0,6,14.2,41,1,1,0,0,1,1,2,Other,CIVIL
206969,18,5.826138371,81.73207985,47039.0,4,19.1,40,2,5,0,0,0,1,1,Female,COMPUTER SCIENCE
203896,21,5.681589009,93.70108836,57157.0,5,14.7,22,4,4,1,0,1,0,2,Female,MECHANICAL
218820,17,6.691769272,50.01021547,71889.0,2,15.1,47,2,6,0,0,0,0,2,Male,CIVIL
208822,25,4.236387131,75.09409398,32372.0,3,5.3,39,0,8,0,0,0,0,2,Male,COMMERCE
212630,25,6.172893401,77.86202483,18665.0,6,24.4,3,3,1,0,1,1,1,3,Female,COMMERCE
211591,21,4.118346466,60.3772093,50428.0,4,6.1,12,1,1,1,1,1,0,1,Male,ELECTRONICS
212831,24,5.543638268,58.65629492,81585.0,4,20.2,15,4,8,0,0,1,1,2,Other,BIOLOGY
201992,17,6.176278,86.46670299,54887.0,4,6.4,9,4,1,0,0,1,0,2,Other,COMPUTER SCIENCE
209455,16,5.36847216,84.46149227,122854.8999999992,4,9.4,32,2,8,0,0,1,0,1,Female,ARTS
213136,21,4.267025664,93.1772809,0.0,4,13.3,40,1,2,0,0,1,0,2,Male,ELECTRONICS
206085,18,6.808795937,65.8417211,19422.0,3,17.8,14,1,3,0,0,0,0,2,Female,ARTS
219161,26,4.269973696,78.40393873,67118.0,4,14.7,23,1,5,0,0,1,0,2,Male,COMPUTER SCIENCE
206185,23,4.13711255,44.00676737,41068.0,4,23.4,32,0,9,0,0,1,0,2,Other,CIVIL
200767,20,4.587789221,74.20935479,14794.0,6,11.9,32,3,7,1,0,1,1,2,Other,ELECTRONICS
204635,19,4.35661816,78.95730358,55923.0,5,18.5,54,4,5,1,1,1,0,2,Male,COMMERCE
201146,20,5.716339328,79.37125719,44636.0,5,8.3,24,1,0,0,0,1,0,2,Male,BIOLOGY
213700,24,4.807933347,78.72131754,44920.0,4,21.7,17,1,8,0,1,0,0,2,Female,ARTS
211599,22,6.928710456,79.2461124,60493.0,2,15.1,54,2,9,0,1,1,0,2,Male,ELECTRONICS
200844,18,4.713249083,100.0,68078.0,2,23.1,25,2,5,0,1,1,0,2,Other,COMMERCE
215344,19,6.392218044,70.9832492,71013.0,6,22.3,10,4,6,1,0,0,0,2,Male,BIOLOGY
218225,25,6.888967632,54.9113918,52825.0,3,11.1,14,1,9,0,0,1,0,3,Male,BIOLOGY
216765,21,5.846905283,77.49833029,46187.0,2,23.2,48,0,0,1,0,1,0,2,Male,BIOLOGY
206306,21,5.896431196,74.81123791,56281.0,6,13.6,32,2,6,1,1,1,0,2,Female,COMMERCE
216430,20,5.90851324,75.36859517,30500.0,4,16.0,26,3,8,0,0,0,0,2,Female,ARTS
200748,20,4.210769402,78.73952798,47353.0,6,12.2,26,1,8,1,1,0,0,0,Female,MECHANICAL
201985,26,4.706374617,76.06398498,18235.0,4,19.3,15,3,6,0,0,1,1,2,Male,COMMERCE
200948,25,6.336413649,80.09761438,79706.0,3,15.2,12,4,0,0,0,0,0,2,Male,ELECTRONICS
214611,21,6.233029185,78.28110909,44972.0,4,20.0,59,1,0,1,0,1,1,2,Female,COMPUTER SCIENCE
201009,21,5.021609247,66.67425797,20031.0,3,9.6,16,3,7,1,0,1,0,2,Male,ARTS
218358,22,6.062587321,71.36271103,24563.0,4,15.1,0,3,7,0,0,1,0,1,Male,ARTS
214402,21,6.452784863,59.22920413,60398.0,5,11.2,58,3,9,0,0,1,0,1,Male,COMMERCE
208984,26,4.228627391,79.21126616,74347.0,4,22.6,37,2,1,0,0,1,0,2,Male,COMPUTER SCIENCE
209596,26,5.629002871,74.22972988,49332.0,2,16.7,32,4,7,0,1,1,0,3,Male,ARTS
219805,17,6.570857118,75.18882645,13720.0,3,15.4,34,0,5,0,1,1,1,2,Male,COMPUTER SCIENCE
200521,23,6.285340392,89.25020115,47066.0,4,8.2,26,4,8,0,0,1,0,2,Other,MECHANICAL
214078,22,6.654802068,67.90082002,35785.0,5,18.9,46,4,5,1,0,1,0,2,Male,CIVIL
207830,25,5.248338121,92.59467215,4950.0,3,13.0,32,3,3,0,0,1,1,1,Other,BIOLOGY
203927,21,5.500271303,96.30390649,9318.0,4,23.9,39,4,8,0,0,1,0,2,Male,ARTS
201739,16,4.807979435,58.71901495,44284.0,2,20.3,33,3,0,0,1,1,0,0,Male,CIVIL
206081,18,4.518141452,43.22251078,46173.0,4,6.1,33,1,3,1,0,1,1,3,Female,BIOLOGY
213944,20,4.943752188,86.75951228,52245.0,3,22.0,59,0,2,0,0,1,0,1,Male,MECHANICAL
203693,20,4.249182576,70.8924106,66054.0,4,8.7,13,3,6,0,0,1,0,0,Male,ELECTRONICS
201331,17,6.350248315,70.1259958,43465.0,6,7.9,19,3,8,1,0,0,0,1,Female,ELECTRONICS
218215,16,6.011552883,62.75980573,37097.0,2,24.2,20,2,3,0,0,0,0,0,Other,BIOLOGY
206944,20,4.302147494,70.98812476,40846.0,3,17.0,33,4,6,0,0,0,0,2,Female,COMMERCE
201660,25,6.352261889,79.13963625,46845.0,4,18.5,7,4,7,0,0,1,1,2,Male,COMPUTER SCIENCE
202119,26,5.095315595,74.15555865,73071.0,6,18.7,23,4,7,1,0,1,0,2,Other,CIVIL
211016,20,6.924645219,65.50148303,41329.0,4,20.9,39,1,6,0,1,1,1,3,Female,CIVIL
215329,16,4.077477869,87.91314937,107234.0,3,14.6,13,1,9,0,0,1,0,2,Male,MECHANICAL
207220,19,6.442655128,76.01908959,29806.0,3,19.0,22,2,1,0,1,1,0,2,Male,BIOLOGY
218205,17,5.175691924,86.60584916,74002.0,2,24.1,18,0,9,0,1,0,1,1,Male,ARTS
203250,25,6.440759869,82.27124319,14746.0,3,15.9,54,1,8,0,0,1,0,1,Other,ELECTRONICS
208841,22,5.292112258,61.65057723,32961.0,3,18.5,55,1,3,0,0,1,0,2,Female,ARTS
204297,26,5.314197974,85.57118336,33871.0,3,6.2,45,2,6,0,1,1,0,2,Male,CIVIL
216555,22,6.515756858,61.23724654,33706.0,2,12.2,46,3,6,0,0,1,0,2,Other,MECHANICAL
211743,18,6.649267202,77.56496201,71338.0,2,10.8,0,1,0,0,0,1,0,3,Male,BIOLOGY
215794,18,5.064247084,90.68181773,32049.0,3,12.3,9,4,3,0,0,1,0,2,Other,COMMERCE
209549,18,5.367830869,69.62482941,56733.0,4,18.8,8,4,8,0,0,0,1,2,Female,CIVIL
209621,17,6.832401386,61.9804442,35462.0,2,11.1,7,2,2,0,0,1,0,1,Other,COMPUTER SCIENCE
201911,26,5.933405533,75.21634179,90281.0,5,6.2,42,4,2,0,0,1,0,3,Female,CIVIL
216248,25,4.993756093,92.34840307,6025.0,4,19.5,20,3,0,0,1,1,0,2,Female,ARTS
213351,22,6.185747357,88.04032486,41935.0,3,12.4,22,4,1,0,0,1,0,1,Male,ELECTRONICS
211967,19,5.416408154,89.9445509,61078.0,3,17.4,46,3,1,0,0,0,1,3,Male,ELECTRONICS
212539,17,6.997384002,79.53185788,51523.0,4,7.1,15,1,7,1,0,0,0,3,Female,ELECTRONICS
206578,21,5.508226751,73.07574463,38453.0,3,15.1,11,2,0,0,1,1,0,2,Male,CIVIL
213648,19,5.274586351,81.9851921,83066.0,6,18.2,51,1,3,1,0,1,0,2,Female,COMMERCE
218039,21,4.153603733,88.29395946,30746.0,3,5.2,12,1,6,0,1,1,0,1,Other,COMPUTER SCIENCE
203576,17,5.503081543,58.13812027,74230.0,6,8.8,1,0,1,1,0,0,0,1,Male,ARTS
213818,21,6.796394477,69.56373517,20153.0,4,11.8,0,1,0,0,0,0,0,3,Female,BIOLOGY
219181,18,5.174654245,74.45601651,83289.0,2,25.0,19,0,6,0,1,0,0,1,Female,BIOLOGY
208863,25,6.816290317,77.09579418,86545.0,6,14.1,40,4,6,1,0,1,0,2,Other,ELECTRONICS
213830,21,5.197771515,73.19952902,53647.0,4,15.3,25,1,5,0,1,1,1,0,Male,ELECTRONICS
208010,21,4.951679816,74.44055496,46761.0,3,15.6,57,3,1,1,0,1,0,1,Female,ELECTRONICS
201719,25,6.008239948,92.88715211,46622.0,4,22.1,48,4,4,1,0,1,0,2,Male,MECHANICAL
215393,16,4.985792816,70.12948721,88781.0,5,18.6,37,2,1,1,0,1,0,2,Female,BIOLOGY
207951,17,4.697870137,84.65285662,71770.0,3,17.9,27,4,9,1,0,1,0,1,Female,CIVIL
218682,18,5.226167593,71.27783642,47040.0,3,18.4,38,4,1,0,0,1,0,0,Other,COMPUTER SCIENCE
218383,26,4.767134291,75.09409398,54508.0,5,22.7,50,2,9,1,1,1,0,1,Other,COMPUTER SCIENCE
216974,21,4.624757105,71.21742311,41326.0,2,22.6,2,2,8,0,0,0,1,1,Male,ELECTRONICS
208937,23,5.527456455,64.3271114,79610.0,3,21.7,16,3,0,1,1,0,1,3,Other,ARTS
200439,24,5.917615156,74.56047119,54244.0,3,21.5,27,0,8,0,0,0,0,2,Female,ARTS
210727,21,6.76159159,93.31870664,36873.0,6,23.3,29,1,7,0,0,1,0,2,Male,CIVIL
213775,20,5.500271303,77.16583337,32729.0,3,10.7,23,1,6,0,0,1,1,0,Male,BIOLOGY
203337,18,4.054582261,89.7643633,13383.0,2,21.1,43,2,4,0,0,1,0,2,Other,COMPUTER SCIENCE
206525,18,6.617972138,98.79217564,47276.0,3,22.5,49,1,6,0,0,1,0,2,Female,MECHANICAL
202123,22,4.370841274,83.04023674,63447.0,6,12.1,9,0,9,0,1,1,1,2,Male,BIOLOGY
214030,25,5.09073055,67.45478472,7185.0,3,20.0,7,2,0,1,0,1,1,1,Male,ARTS
209735,19,5.627699478,82.54047089,65661.0,3,8.9,59,4,3,0,0,1,0,2,Female,ELECTRONICS
206353,21,6.757862291,88.6001814,69764.0,6,16.2,21,2,9,1,1,0,0,2,Male,BIOLOGY
211541,16,6.561371207,60.81088278,21914.0,5,17.0,11,4,1,0,0,1,0,0,Male,CIVIL
216121,19,5.912233046,81.32816204,49689.0,2,15.4,26,3,0,0,0,1,0,1,Female,ELECTRONICS
209538,16,6.654683816,75.52752281,55147.0,6,14.8,50,4,0,0,1,1,0,3,Other,COMPUTER SCIENCE
210226,25,4.32275338,82.79063977,20671.0,4,17.4,27,4,6,0,1,1,0,3,Male,ELECTRONICS
215791,20,4.362869105,66.44788094,86448.0,5,7.8,20,1,0,1,0,1,1,2,Female,COMPUTER SCIENCE
211519,22,5.396233058,55.78647447,34825.0,3,23.9,25,3,3,0,0,1,0,0,Other,COMPUTER SCIENCE
204718,16,4.458394915,82.10537904,63013.0,6,20.8,51,1,9,1,0,1,1,2,Male,COMMERCE
203466,16,5.303343086,75.77824467,19197.0,4,7.1,54,4,5,1,0,0,0,2,Female,MECHANICAL
203085,22,6.862052976,70.16896626,40920.0,6,10.1,3,3,7,1,0,0,1,2,Male,ARTS
200234,21,4.154734043,73.16652575,32476.0,4,8.4,34,3,1,1,0,0,0,2,Male,MECHANICAL
200404,19,6.828682411,73.46024129,62044.0,4,7.8,54,2,5,0,0,0,1,2,Female,BIOLOGY
204094,25,6.545549872,67.16489985,59713.0,6,9.8,50,2,6,0,0,1,0,0,Female,ELECTRONICS
206824,21,5.670828542,72.16604587,90745.0,3,15.3,32,1,3,0,0,1,0,2,Female,BIOLOGY
204037,21,6.588908948,58.17382052,50543.0,2,12.7,39,4,1,0,1,1,0,2,Female,ARTS
213581,23,5.525378723,84.90429003,33213.0,5,19.7,10,3,0,0,0,1,1,2,Male,COMMERCE
200557,25,4.504639815,72.27397169,61187.0,3,12.9,10,4,5,0,1,0,0,2,Other,ARTS
218153,21,5.229714175,94.95539549,36279.0,6,14.6,7,1,0,1,0,1,0,2,Female,MECHANICAL
207735,16,4.488954671,70.09412402,76813.0,6,9.0,45,1,2,0,1,1,0,2,Other,ELECTRONICS
210219,18,6.969639476,79.58520324,37566.0,4,16.7,49,3,0,0,0,1,1,2,Other,COMMERCE
201882,23,6.795319663,90.27840009,93777.0,6,12.2,28,1,7,0,1,0,0,0,Other,ELECTRONICS
209452,24,6.89896399,91.74054612,54168.0,4,5.9,40,4,9,0,1,1,0,0,Female,COMMERCE
205201,20,5.285364093,61.35124566,71623.0,2,5.9,36,2,7,0,1,1,0,2,Male,BIOLOGY
200337,16,6.835823505,58.65851608,41089.0,6,10.2,25,4,7,0,0,0,0,2,Other,ELECTRONICS
211150,17,6.232523509,63.25463486,49271.0,2,11.0,21,3,4,0,1,0,0,2,Female,COMPUTER SCIENCE
202303,16,5.81540786,79.88638957,53518.0,5,11.1,34,1,3,0,0,1,0,2,Female,BIOLOGY
216184,23,4.734029999,75.91831489,57685.0,2,20.7,21,2,9,0,0,1,0,3,Other,ARTS
215283,18,6.910095071,90.57457771,68049.0,4,18.3,22,0,5,0,0,0,1,2,Male,ELECTRONICS
211097,26,6.958006483,100.0,122854.8999999992,6,15.1,20,1,9,0,0,1,1,1,Female,COMMERCE
209190,18,5.500271303,89.24087576,50721.0,2,17.1,20,1,1,0,1,1,1,2,Male,MECHANICAL
203416,19,4.993415562,82.55082064,52525.0,4,12.8,7,2,7,1,0,0,0,0,Male,CIVIL
209427,24,4.803596155,77.16011053,67806.0,4,14.6,59,2,7,0,0,1,0,3,Male,BIOLOGY
210981,26,4.81493493,90.02497025,26855.0,4,5.3,55,3,4,0,0,0,0,2,Female,ARTS
217882,23,4.987249499,50.76059595,56584.0,6,11.5,24,0,3,1,1,1,1,1,Male,MECHANICAL
214736,23,5.999048585,92.49630431,56649.0,4,6.0,53,3,5,0,0,1,1,0,Male,CIVIL
200111,20,5.500271303,100.0,44523.0,6,13.0,29,0,2,0,1,0,1,3,Male,COMMERCE
213347,22,6.79482649,62.37576631,74085.0,3,19.6,8,2,8,0,0,1,0,1,Male,MECHANICAL
205958,21,6.662157242,83.54307847,87907.0,4,9.1,28,0,7,0,1,1,1,2,Female,ELECTRONICS
200803,19,5.345364235,43.6684681,90698.0,6,24.4,47,0,5,1,1,0,1,0,Male,MECHANICAL
214967,22,4.576202722,75.9909945,88974.0,5,24.6,12,3,4,1,1,1,1,2,Male,ELECTRONICS
214480,26,4.081377857,79.49997404,54967.0,5,22.6,59,2,4,1,1,1,0,1,Other,BIOLOGY
216981,18,6.099371239,73.80529947,58455.0,2,21.3,39,4,0,0,1,1,0,0,Male,ELECTRONICS
213701,21,4.067598432,75.796687,31616.0,5,7.7,13,3,2,0,0,1,0,2,Male,MECHANICAL
217818,21,4.072922859,84.89868781,46297.0,6,12.0,43,1,1,0,0,0,0,2,Male,COMMERCE
202670,20,5.724101467,82.53763494,9077.0,4,16.0,6,3,9,0,0,1,0,2,Other,MECHANICAL
215917,16,6.873995759,74.75079797,67686.0,3,16.8,10,3,3,0,1,0,0,2,Other,ELECTRONICS
213780,25,6.996971471,52.4124464,54071.0,3,15.3,21,1,8,1,1,1,0,2,Male,COMPUTER SCIENCE
211044,22,4.82492568,74.62015499,20096.0,2,5.8,24,3,6,0,0,1,0,0,Male,MECHANICAL
200834,25,5.215570435,78.65899234,67751.0,6,15.1,33,0,5,0,0,0,0,2,Female,BIOLOGY
200320,17,4.039950725,71.64924766,40540.0,4,6.3,18,3,5,0,1,0,0,3,Male,COMPUTER SCIENCE
208038,24,5.426165942,64.31235994,64582.0,3,24.9,16,1,7,1,1,0,0,2,Other,BIOLOGY
210814,17,6.181077943,80.69887215,74672.0,2,15.1,52,0,0,0,1,1,1,2,Female,ELECTRONICS
206034,16,6.447144667,97.15075538,58660.0,3,13.4,56,2,3,1,0,0,0,1,Female,COMPUTER SCIENCE
212788,22,4.001560117,73.99572525,46271.0,4,5.5,45,2,2,1,0,1,0,3,Female,ELECTRONICS
213480,23,4.03220074,65.72356838,80128.0,2,20.9,13,3,7,0,1,0,0,3,Male,ARTS
212628,18,5.513114641,86.99963875,46150.0,4,9.5,50,2,6,0,1,1,1,2,Male,BIOLOGY
213517,21,4.389614086,89.25205174,33456.0,6,9.6,30,4,0,0,1,0,0,0,Male,ELECTRONICS
215828,22,4.441119875,90.13696033,74489.0,2,15.1,17,0,6,0,0,1,1,0,Other,ARTS
200813,16,6.665148716,71.12130413,11210.0,4,15.1,4,1,3,1,0,1,0,2,Male,CIVIL
210206,23,5.74495586,60.49914765,68139.0,5,15.1,35,0,8,0,1,1,0,2,Female,CIVIL
200742,19,5.777867828,84.75315193,37230.0,4,16.5,20,1,4,0,0,1,0,2,Other,ELECTRONICS
216731,23,6.432725717,81.39989716,43416.0,5,19.5,46,2,7,0,1,0,0,2,Male,COMPUTER SCIENCE
213921,16,5.435083622,90.86829017,43199.0,6,5.4,13,2,1,0,0,1,0,2,Male,MECHANICAL
214128,21,6.355651362,65.86742933,30461.0,2,14.6,16,4,4,0,0,1,1,2,Male,ARTS
218285,22,6.703891247,60.1445503,13030.0,6,20.3,10,4,2,0,0,1,0,2,Male,ARTS
218874,21,6.826122128,73.09440394,39711.0,6,10.9,33,4,6,0,1,1,0,2,Male,BIOLOGY
213819,16,5.066589441,90.60368599,76880.0,6,11.2,17,0,2,1,1,1,0,0,Male,CIVIL
214866,23,6.896470587,75.7760811,29472.0,5,20.0,55,2,3,1,1,1,0,2,Male,MECHANICAL
215432,20,5.479016423,48.93021075,29464.0,3,10.1,22,0,0,1,0,1,0,2,Female,BIOLOGY
210795,18,5.123279619,51.10364095,37403.0,3,11.6,52,3,0,0,0,0,0,3,Male,COMPUTER SCIENCE
204307,23,6.173283699,72.09188936,32981.0,4,11.6,43,2,9,0,1,0,0,3,Male,ELECTRONICS
217351,17,4.885214776,56.08846562,23807.0,2,6.9,12,2,9,0,1,0,0,2,Male,ELECTRONICS
207439,18,4.647299543,80.16242855,56000.0,4,19.3,31,0,6,1,1,1,0,3,Male,ARTS
211506,20,5.810329815,69.22243593,43537.0,6,14.3,27,2,2,1,0,1,0,2,Male,ELECTRONICS
202798,18,6.125697628,82.41049066,0.0,2,22.8,35,1,2,0,0,1,1,3,Female,ARTS
205231,25,4.531209545,82.3328868,74244.0,5,20.2,12,0,6,0,1,0,1,3,Male,COMMERCE
218956,21,6.862959888,73.42626309,37513.0,6,15.2,52,1,1,0,1,1,0,3,Female,COMPUTER SCIENCE
217803,25,4.139608376,89.7365455,34397.0,6,6.0,57,4,4,0,0,1,0,2,Other,BIOLOGY
217099,19,6.917442379,63.74616028,74076.0,2,21.2,54,2,1,0,0,0,1,3,Male,CIVIL
214305,18,6.203528856,65.97656471,46725.0,2,6.5,50,3,0,0,0,0,1,2,Male,ELECTRONICS
205582,20,6.938231429,74.95854404,64844.0,4,20.1,57,3,4,0,0,1,0,1,Male,COMPUTER SCIENCE
206311,21,6.125185942,72.49545423,53491.0,4,9.1,39,1,6,1,0,1,0,2,Male,COMPUTER SCIENCE
210371,17,4.294190329,72.24174689,25476.0,3,15.6,9,4,1,1,1,1,0,2,Male,COMPUTER SCIENCE
212674,22,4.984863493,89.27928899,41088.0,4,6.5,27,1,8,0,1,1,0,2,Female,ELECTRONICS
206093,26,5.095056708,81.6208932,56098.0,4,11.5,52,3,6,0,0,1,0,2,Female,BIOLOGY
200349,22,4.731294838,74.50595293,72007.0,4,17.5,4,3,7,0,0,1,1,0,Female,COMPUTER SCIENCE
214213,22,5.139145382,73.52852246,26723.0,5,7.6,49,0,8,0,0,1,1,1,Male,CIVIL
209719,19,5.053673917,78.52740053,36531.0,3,5.9,52,1,5,0,0,1,0,2,Other,CIVIL
203958,20,6.195582673,76.3352166,62136.0,4,24.3,42,1,1,0,0,1,1,2,Female,BIOLOGY
216315,22,6.802740835,75.09409398,34835.0,6,15.1,4,3,4,1,0,1,0,2,Male,ELECTRONICS
205144,17,6.992586174,71.55801449,57740.0,5,19.5,13,2,6,1,1,0,0,2,Male,COMPUTER SCIENCE
208325,23,4.57527526,67.43612532,23734.0,2,20.4,51,2,8,0,0,1,0,2,Female,MECHANICAL
208384,25,4.74134855,57.96957015,52598.0,5,18.3,8,1,7,1,0,1,1,0,Female,COMMERCE
200434,21,5.223403568,80.77200568,44065.0,4,12.4,4,0,8,0,0,0,0,0,Male,ELECTRONICS
203138,16,5.500271303,83.08522121,64371.0,3,18.1,24,3,6,0,1,1,0,3,Male,COMMERCE
217486,17,5.651227606,81.59578179,68511.0,4,19.0,27,4,3,0,0,0,0,2,Male,BIOLOGY
205018,25,6.107025568,99.05395466,34993.0,3,23.6,22,3,4,1,0,1,0,3,Male,BIOLOGY
218463,17,5.500271303,72.05937037,57094.0,5,20.5,10,0,4,0,0,1,1,3,Male,ELECTRONICS
212277,23,6.537345686,74.72509358,61819.0,4,6.6,21,0,8,0,0,1,0,2,Male,MECHANICAL
215130,17,6.562135923,77.46375808,67654.0,6,15.1,47,4,4,0,0,1,0,0,Female,ELECTRONICS
215596,17,5.470078208,86.14204069,53658.0,4,5.5,10,1,8,1,0,1,0,2,Female,COMPUTER SCIENCE
217456,21,5.123897882,74.39533549,33633.0,4,11.3,36,4,5,0,0,0,0,2,Male,CIVIL
200794,24,5.500271303,64.06709148,76810.0,6,12.4,35,4,2,0,1,1,1,3,Male,COMMERCE
210604,17,4.968950597,74.02782119,39528.0,3,16.2,6,2,6,0,0,0,0,1,Female,CIVIL
217760,18,6.610596654,77.55982208,63686.0,4,14.2,42,0,9,0,1,1,0,2,Female,BIOLOGY
201431,23,5.375352531,59.09808021,70591.0,6,16.7,32,2,3,1,0,1,0,2,Female,ARTS
210384,26,5.500271303,53.59298882,44768.0,2,9.7,56,2,8,0,0,1,0,0,Male,ELECTRONICS
200235,20,6.654761586,65.89795158,73036.0,2,12.2,4,2,3,0,0,1,0,2,Male,COMPUTER SCIENCE
213431,25,6.497871322,80.83376047,92285.0,2,14.9,18,3,5,0,0,1,1,3,Female,BIOLOGY
213452,24,6.237943828,73.30356015,46054.0,2,19.6,14,3,2,0,0,1,0,2,Other,MECHANICAL
203995,24,6.733616143,66.92413845,70170.0,4,8.6,2,2,7,0,1,0,1,2,Male,BIOLOGY
217592,21,4.116464312,100.0,89879.0,6,11.2,1,2,0,1,0,1,0,2,Male,COMPUTER SCIENCE
206807,21,5.532124271,83.15992654,68082.0,4,8.8,46,1,2,0,1,0,1,1,Female,BIOLOGY
210631,20,5.339569851,57.72358323,53892.0,2,5.1,11,4,9,0,0,1,0,2,Female,CIVIL
207056,16,4.236124212,61.66696832,79151.0,3,20.2,28,0,9,0,0,0,0,0,Male,CIVIL
214884,19,4.413395725,71.6036589,81119.0,5,8.2,25,0,1,0,0,0,0,2,Female,ARTS
215975,20,4.187912928,77.21350985,93117.0,6,18.4,34,3,0,1,0,1,0,2,Female,BIOLOGY
203742,26,5.500271303,65.9552665,40862.0,3,17.8,23,4,1,0,1,0,1,3,Female,BIOLOGY
208821,16,4.458486368,62.70181199,58432.0,3,9.0,13,1,9,0,0,1,0,3,Male,COMMERCE
212594,24,5.080158035,82.54743592,48512.0,4,20.3,14,4,8,0,0,1,1,2,Male,BIOLOGY
208545,26,4.144695295,86.59406884,30590.0,2,8.2,56,0,1,0,0,1,0,2,Male,CIVIL
216305,23,5.101328348,86.31546711,73650.0,5,10.0,52,3,4,0,1,1,0,2,Male,MECHANICAL
211242,24,6.699481557,72.34963408,106011.0,6,23.3,27,1,6,0,0,1,1,3,Male,ELECTRONICS
211864,25,5.18848003,96.78569019,62051.0,3,19.9,36,4,3,0,0,1,0,2,Other,MECHANICAL
213966,25,4.477023784,52.11215421,106377.0,4,6.3,0,4,3,1,0,0,0,2,Male,MECHANICAL
213377,20,5.502943609,76.40092264,51159.0,5,14.0,2,1,3,1,0,1,0,2,Male,MECHANICAL
207241,26,5.004933656,71.71280442,33380.0,4,22.3,41,1,5,0,0,1,1,2,Female,ARTS
205009,18,6.125525448,75.09409398,46021.0,5,6.0,41,3,0,0,0,0,0,2,Male,COMPUTER SCIENCE
208933,20,6.473290894,79.35796497,47587.0,4,15.3,20,1,3,0,0,0,0,2,Female,CIVIL
214976,18,6.385644633,62.93916731,74253.0,5,7.6,2,3,3,0,0,1,0,0,Other,ELECTRONICS
207701,16,5.48557321,67.62260366,34791.0,5,9.3,50,2,1,1,1,1,0,2,Other,ELECTRONICS
219370,18,5.77155182,74.54192506,42050.0,5,13.6,42,3,1,0,0,1,0,2,Male,ELECTRONICS
209074,16,5.099626555,64.75011851,32172.0,3,20.8,41,4,7,0,0,1,0,2,Male,MECHANICAL
204318,19,6.367264136,77.31236312,46995.0,4,24.8,30,3,3,0,0,1,0,2,Male,BIOLOGY
212224,26,5.66419047,81.50856172,26405.0,3,16.1,12,2,6,0,0,1,0,2,Male,COMPUTER SCIENCE
213651,17,4.278439187,85.26888893,37196.0,3,10.6,4,0,4,0,1,1,0,2,Other,MECHANICAL
200240,19,6.018841396,80.68919989,33189.0,4,15.9,55,3,7,0,0,1,1,0,Male,MECHANICAL
206316,17,6.099383103,75.09409398,69971.0,5,7.0,22,0,4,0,0,1,1,2,Male,ELECTRONICS
206385,22,6.303456273,73.66204906,62661.0,6,13.4,17,0,5,1,0,1,0,1,Female,MECHANICAL
207474,26,4.959754514,70.7303961,4351.0,4,12.4,15,2,6,0,0,1,1,3,Male,COMPUTER SCIENCE
215888,16,4.906962626,70.79529577,79676.0,2,24.4,9,0,8,0,0,1,0,0,Male,ELECTRONICS
215905,24,6.076628533,62.66451856,15286.0,2,9.1,16,0,4,0,1,0,0,2,Male,ELECTRONICS
205631,24,4.081791516,75.89388944,32131.0,4,22.4,51,0,5,0,1,1,0,0,Female,CIVIL
211160,22,6.589424237,96.51254716,52545.0,3,21.8,7,4,7,1,1,1,1,2,Male,MECHANICAL
204321,26,5.466631582,80.83089094,48165.0,4,21.8,42,2,8,1,1,0,1,3,Other,COMMERCE
204093,22,4.29492525,75.34057434,54371.0,2,15.1,20,1,5,0,1,1,0,2,Other,BIOLOGY
201121,22,4.139087794,61.77066305,88131.0,3,12.2,57,4,2,0,0,1,0,1,Other,ELECTRONICS
211657,23,6.457320774,55.6144408,39475.0,4,23.9,27,3,5,0,0,1,0,2,Male,COMMERCE
215444,16,5.885577428,75.85074021,40326.0,3,13.9,48,1,4,0,1,1,0,1,Male,COMMERCE
214647,23,4.110158367,49.69820478,57686.0,3,18.2,7,0,2,1,0,0,1,3,Male,ARTS
205271,21,4.184275528,79.19330807,57690.0,2,24.7,2,1,1,0,0,0,0,2,Male,COMPUTER SCIENCE
204780,26,4.125852731,89.81517004,64865.0,2,21.4,32,2,0,0,0,1,0,1,Male,BIOLOGY
209155,21,6.604450277,55.25784975,66901.0,6,19.7,41,4,1,1,1,0,0,2,Male,MECHANICAL
202164,20,5.590718745,100.0,90136.0,4,13.1,48,0,0,0,1,1,0,3,Female,COMPUTER SCIENCE
218343,23,6.411445072,75.0109757,68088.0,4,15.8,59,1,9,0,0,0,1,1,Male,COMPUTER SCIENCE
207020,20,6.075857748,56.82177761,48816.0,3,18.8,58,2,3,0,1,0,0,0,Female,CIVIL
211181,17,4.548479553,83.64461366,27837.0,3,13.6,50,1,2,0,0,1,0,2,Male,MECHANICAL
201892,26,5.691112738,76.46231771,70773.0,5,19.3,26,2,4,1,0,1,1,2,Female,ELECTRONICS
212441,16,5.749736827,84.8960232,40933.0,5,13.2,56,2,8,0,0,0,1,2,Male,BIOLOGY
216943,16,6.875566158,80.05679457,68973.0,3,10.8,6,3,4,0,0,1,0,2,Other,ELECTRONICS
212384,23,5.613116415,81.06055535,83969.0,5,5.1,20,4,3,0,0,1,1,3,Male,COMPUTER SCIENCE
204973,26,6.959558085,67.89082999,33023.0,3,16.7,43,1,6,0,0,0,0,2,Other,CIVIL
201991,18,5.005843833,73.1823516,53431.0,3,13.8,43,3,9,0,1,1,0,2,Other,COMPUTER SCIENCE
214495,19,5.500271303,91.47015326,0.0,2,5.7,15,4,7,0,1,0,0,1,Female,CIVIL
200803,19,5.345364235,43.6684681,90698.0,6,24.4,47,0,5,1,1,0,1,0,Male,MECHANICAL
219431,25,4.188066804,79.92893366,32428.0,2,24.9,20,0,9,0,0,1,0,2,Female,COMPUTER SCIENCE
202116,23,5.095474131,64.57130198,65921.0,2,12.4,4,2,5,0,0,0,0,2,Female,CIVIL
208472,20,4.304019914,59.85697704,44660.0,6,11.9,10,1,9,1,0,1,1,2,Male,BIOLOGY
219353,24,4.774559294,77.96614762,67828.0,6,9.0,9,0,7,0,1,0,0,2,Female,ELECTRONICS
202815,18,5.011344533,98.84042868,39326.0,4,20.2,48,3,5,0,1,0,1,0,Male,COMPUTER SCIENCE
201441,21,4.613164952,74.72336185,72078.0,6,24.4,33,0,6,1,0,1,1,3,Male,COMPUTER SCIENCE
214542,21,6.675587035,90.30781301,89241.0,2,23.9,5,1,8,1,0,1,1,2,Male,BIOLOGY
218910,26,5.4584322,58.23508203,41391.0,5,19.4,1,0,6,0,0,1,0,3,Male,CIVIL
205510,20,5.180458126,64.82812481,23616.0,6,8.0,36,4,8,1,1,1,0,0,Other,CIVIL
216920,19,6.236858083,77.50164366,24204.0,6,15.1,2,1,8,0,1,1,1,2,Female,BIOLOGY
214738,19,6.391991725,80.24986351,31598.0,3,5.2,1,2,0,0,1,0,0,1,Male,MECHANICAL
203103,19,4.617859716,79.8502254,36529.0,3,16.8,3,2,3,0,1,1,1,3,Male,ELECTRONICS
204048,23,4.347565378,74.33964844,54233.0,3,7.5,19,4,1,0,0,1,0,2,Other,COMMERCE
202449,16,5.105256258,82.49144767,77421.0,3,18.6,15,2,1,0,0,0,1,2,Female,CIVIL
219770,16,6.518687292,53.98845764,37624.0,3,10.4,52,2,7,0,0,1,0,2,Female,COMMERCE
215549,24,6.12959797,83.67715413,75418.0,3,7.3,31,4,8,0,1,1,0,2,Other,COMPUTER SCIENCE
217568,25,4.414058861,78.59137703,20585.0,4,6.2,19,3,7,0,0,1,0,2,Male,MECHANICAL
205290,26,4.190561735,87.69030362,89273.0,2,21.8,20,1,8,0,0,0,1,2,Male,MECHANICAL
208483,18,5.978362816,63.58392059,84227.0,4,11.9,49,4,1,1,0,1,0,3,Male,MECHANICAL
215787,20,6.85285255,75.09409398,53179.0,2,20.8,26,3,3,0,0,0,1,0,Male,COMPUTER SCIENCE
219393,18,5.500271303,60.05165516,44061.0,2,15.1,48,2,0,0,1,1,1,0,Male,ELECTRONICS
200020,23,5.439264324,71.75628603,33950.0,2,18.7,21,1,5,0,1,0,0,0,Female,COMPUTER SCIENCE
211482,21,4.570222252,81.66735913,64413.0,5,6.3,4,0,0,0,0,0,0,2,Male,MECHANICAL
208212,24,4.309549737,63.00259502,74788.0,2,21.0,59,3,3,0,0,0,0,2,Male,COMMERCE
207628,16,5.693388934,50.97035368,47804.0,5,14.8,35,2,2,1,0,1,0,2,Male,MECHANICAL
200211,21,5.300919105,85.93376213,51700.0,3,16.8,22,1,0,0,0,0,1,3,Female,COMPUTER SCIENCE
210012,18,6.307012728,82.92073428,48423.0,5,17.9,52,4,1,1,0,1,0,2,Male,ELECTRONICS
219259,23,4.620630863,91.11512512,41381.0,5,12.0,37,2,2,0,0,1,0,3,Male,ARTS
211159,25,4.634723423,84.36260443,45079.0,5,8.2,28,4,0,1,1,1,0,2,Male,BIOLOGY
211808,26,4.494202636,65.12584338,55246.0,5,10.5,16,3,5,1,0,1,0,1,Male,COMPUTER SCIENCE
215514,24,5.433791536,94.4685715,41055.0,4,13.0,46,0,5,0,1,1,1,0,Female,BIOLOGY
217251,21,4.319481142,59.37050586,15486.0,4,15.5,42,1,3,1,0,1,0,1,Male,COMMERCE
208256,18,5.052774584,86.27300588,48370.0,5,13.3,29,3,8,0,0,0,0,2,Male,ARTS
210503,26,4.820332843,64.68510698,44202.0,3,10.4,48,4,6,1,1,1,0,2,Other,COMMERCE
201970,21,6.258436934,84.28385749,58791.0,5,5.6,44,0,9,0,1,1,0,0,Male,BIOLOGY
204018,23,6.193282473,66.9853172,53842.0,4,15.1,14,0,5,0,1,1,0,2,Male,COMPUTER SCIENCE
204374,16,5.55047237,88.98396106,36860.0,2,20.5,49,1,5,0,0,0,0,2,Other,MECHANICAL
203305,16,6.274825908,58.92726482,34915.0,6,21.5,5,4,3,0,1,0,1,2,Male,ELECTRONICS
201426,21,6.086164501,82.63551546,51582.0,3,6.4,53,0,8,0,0,1,0,2,Male,ELECTRONICS
210457,23,4.511338143,75.09409398,84497.0,3,15.5,21,1,1,1,0,0,0,0,Male,MECHANICAL
218805,18,5.685676224,75.09409398,64961.0,6,13.3,23,1,9,0,1,1,0,2,Female,ELECTRONICS
206003,24,5.388072005,58.06936565,66044.0,6,13.0,16,4,0,1,0,1,0,2,Female,ARTS
212570,20,5.141984408,63.57683949,34795.0,4,12.0,47,2,5,0,0,1,1,2,Other,COMMERCE
219405,18,4.084513294,71.3361459,7382.0,2,15.1,25,0,7,1,0,1,0,1,Female,BIOLOGY
207916,21,6.794478455,85.44190719,72018.0,2,21.8,28,2,7,0,1,0,0,1,Male,ELECTRONICS
206693,22,5.653121637,75.15536255,82819.0,4,17.0,30,3,9,1,0,0,0,2,Female,COMPUTER SCIENCE
210768,25,5.568535064,49.36223764,35817.0,6,22.0,26,1,7,1,1,1,0,2,Other,COMPUTER SCIENCE
205900,24,4.103026699,100.0,102121.0,2,18.0,7,2,2,0,1,1,1,2,Male,COMMERCE
205098,21,6.811875019,76.36074687,95701.0,4,11.2,38,3,7,0,1,1,1,0,Male,COMMERCE
204955,23,6.692450049,84.91375086,5322.0,3,10.9,19,2,5,0,0,0,1,3,Male,MECHANICAL
212514,21,6.393993584,75.66346228,68355.0,5,14.8,3,0,9,1,0,0,0,2,Male,BIOLOGY
213551,24,6.786744471,77.82809469,54842.0,6,18.8,46,2,6,1,1,0,0,2,Other,CIVIL
217292,16,4.687515504,63.40493258,19746.0,5,22.8,38,4,6,1,0,0,1,1,Male,ELECTRONICS
204505,21,6.281298399,96.21184252,0.0,6,23.7,37,3,9,0,0,1,0,2,Male,CIVIL
207285,18,6.053353154,76.46911319,34542.0,2,6.5,52,0,6,0,0,0,0,3,Male,ELECTRONICS
214202,16,4.682988087,63.39110328,84363.0,4,13.3,39,2,1,1,1,0,1,2,Male,ELECTRONICS
211671,18,4.163892059,79.17912071,74558.0,3,10.9,39,3,2,1,0,0,1,3,Male,BIOLOGY
216120,16,6.924528836,93.18977924,44815.0,2,21.6,46,4,4,0,0,0,1,2,Other,ARTS
219108,19,4.415922553,78.88429466,83834.0,4,11.6,48,1,8,0,0,1,0,2,Female,ELECTRONICS
206482,19,6.645440979,61.17844123,51963.0,2,11.4,48,3,5,0,0,0,0,2,Male,COMPUTER SCIENCE
203587,24,5.684510656,100.0,27490.0,6,18.9,26,2,7,0,0,1,1,2,Female,MECHANICAL
201394,23,6.868553579,66.63848591,75157.0,4,15.5,26,1,1,0,0,1,1,2,Male,COMPUTER SCIENCE
209330,19,4.541373691,63.89697588,67347.0,4,18.2,31,0,5,1,0,1,0,2,Female,ELECTRONICS
217155,26,6.084107769,68.48398203,54582.0,3,24.0,37,3,1,0,1,0,0,0,Female,COMMERCE
203384,17,5.084900952,94.66610584,38798.0,6,17.4,33,0,7,0,1,1,1,3,Other,ELECTRONICS
201253,18,5.930357333,84.43072098,49134.0,5,20.9,45,0,1,0,1,0,0,2,Male,COMPUTER SCIENCE
219032,19,5.144626802,67.62899227,20765.0,2,11.2,58,3,1,0,0,1,0,2,Female,ARTS
212229,19,6.723668387,73.99216954,39013.0,2,23.2,45,0,2,0,0,1,0,1,Other,ELECTRONICS
211926,23,4.590510283,79.09630917,36104.0,4,11.1,50,1,2,1,0,1,0,2,Male,ELECTRONICS
205710,21,5.021644062,69.51019248,95503.0,2,17.7,44,3,4,0,1,0,0,2,Male,COMPUTER SCIENCE
219096,21,4.865616668,72.82266912,60683.0,5,8.7,33,3,2,0,1,1,0,2,Other,CIVIL
216870,19,5.913856354,69.84825099,50307.0,4,5.2,6,4,5,0,1,0,0,2,Female,COMMERCE
201433,23,6.520246239,81.65697028,55548.0,4,24.1,44,3,6,0,0,0,1,0,Male,ARTS
206053,16,6.165041535,75.09409398,36454.0,6,22.3,58,3,1,1,0,0,0,2,Male,ARTS
205238,26,5.206939439,77.8059885,76611.0,4,19.4,46,0,9,1,0,1,0,3,Male,ELECTRONICS
200751,18,5.841914041,78.58714932,57938.0,5,18.3,43,4,9,0,0,1,0,2,Female,ELECTRONICS
218323,26,6.489109696,67.61719016,50153.0,4,7.8,3,2,0,0,0,1,0,2,Male,BIOLOGY
214636,24,6.72991445,82.37218835,44419.0,2,13.4,1,1,8,0,0,0,0,3,Other,ARTS
214022,23,4.751654783,88.24460192,63060.0,2,5.6,40,4,3,0,0,0,0,2,Female,ARTS
212863,16,5.634939814,73.56749355,67829.0,4,15.1,59,2,9,0,0,0,0,2,Female,MECHANICAL
212471,23,4.445594019,94.46904073,93405.0,6,21.1,36,3,4,0,0,0,0,0,Male,BIOLOGY
215642,19,5.576304981,75.38597218,55057.0,5,13.5,33,3,1,1,1,1,0,0,Male,COMMERCE
210243,21,4.91833789,84.17524297,27832.0,6,11.0,49,4,2,1,1,1,0,2,Female,ELECTRONICS
217031,18,5.500271303,67.53883041,62490.0,2,20.3,26,0,0,1,0,0,0,2,Male,CIVIL
207880,20,5.500271303,65.04080701,50373.0,6,22.8,36,2,0,0,0,1,0,1,Other,CIVIL
200510,18,6.135008737,79.66057857,62501.0,2,9.0,13,0,3,0,0,1,1,2,Male,CIVIL
216871,21,5.469714957,89.94529322,88603.0,6,18.0,35,4,7,0,1,0,1,2,Male,COMPUTER SCIENCE
203607,21,6.091695287,80.88372473,42117.0,4,5.9,48,2,6,0,0,1,1,2,Male,CIVIL
217049,22,6.740844624,95.4390555,53649.0,6,6.1,0,3,6,0,1,1,1,2,Female,COMPUTER SCIENCE
211684,17,4.663617001,67.31720344,66162.0,5,11.3,52,0,4,1,0,1,0,2,Female,COMMERCE
206997,21,4.714427108,74.8939283,60070.0,5,22.3,12,2,5,1,0,1,0,0,Other,ARTS
213030,19,5.277976577,80.8324095,38461.0,4,15.9,55,2,3,0,0,1,1,3,Female,ARTS
209167,23,5.49040806,54.75235617,32773.0,4,6.9,31,2,1,1,1,1,0,0,Male,COMMERCE
219142,19,6.804594927,74.48222556,61102.0,4,13.0,6,3,1,0,0,0,0,1,Female,COMPUTER SCIENCE
217210,20,5.80138192,74.62870841,28027.0,5,12.2,44,4,9,0,0,0,0,3,Male,ARTS
211512,16,6.546517556,71.75300999,86926.0,3,15.1,25,0,5,0,1,1,0,1,Female,MECHANICAL
205634,16,4.638011872,66.13412556,99342.0,2,9.0,45,0,1,0,0,1,0,2,Female,COMMERCE
201123,23,5.39365501,51.52803294,77851.0,2,22.6,54,4,3,0,1,1,1,1,Male,ELECTRONICS
200649,23,6.61895444,77.95113323,5892.0,3,22.8,47,0,1,0,0,1,0,1,Male,MECHANICAL
209693,26,4.226358493,86.64718586,19972.0,6,23.2,18,3,0,0,0,1,1,2,Male,ARTS
207664,19,5.696150554,84.9401015,39252.0,4,5.5,1,2,7,0,0,1,1,0,Male,ELECTRONICS
207330,17,6.512879314,60.63566467,46451.0,2,19.3,23,0,4,0,0,0,1,2,Male,ARTS
210263,20,4.190227524,77.89708203,38773.0,4,19.9,38,4,2,1,1,0,0,0,Other,BIOLOGY
216539,21,6.578117639,52.61978539,70366.0,6,16.1,4,4,7,0,0,1,0,2,Male,ARTS
215911,20,4.23916931,91.09037743,64044.0,6,10.9,33,1,5,1,0,1,0,2,Male,COMMERCE
205117,19,6.856539023,87.20340783,50312.0,3,6.0,1,2,1,0,0,1,0,3,Male,CIVIL
215522,17,5.500271303,74.22977761,69961.0,6,17.6,34,0,7,0,1,1,0,0,Male,BIOLOGY
206930,18,6.459367227,86.4194576,70370.0,4,17.2,29,1,4,0,0,1,0,2,Female,ELECTRONICS
209995,17,5.5229031,54.174323,70616.0,3,13.9,8,4,4,1,1,1,0,2,Male,BIOLOGY
215353,19,5.245963265,68.45892137,83354.0,5,9.7,7,4,2,0,0,1,0,2,Male,ELECTRONICS
204119,26,4.712939884,83.14735046,47697.0,6,24.0,32,0,9,0,0,1,0,0,Male,ARTS
207296,24,4.790181906,55.4636515,23336.0,2,13.4,0,1,0,0,1,1,1,2,Male,MECHANICAL
219914,21,6.951795694,82.04108402,19032.0,5,7.0,21,1,3,0,0,1,0,3,Female,CIVIL
216564,17,6.136775111,82.97856608,70333.0,4,15.6,43,0,5,0,0,0,1,2,Male,ELECTRONICS
202583,23,4.09569352,100.0,80357.0,3,5.7,32,2,1,0,1,1,1,2,Other,ELECTRONICS
200193,20,4.190180297,55.05371425,47721.0,4,16.2,28,1,7,0,1,1,0,2,Male,ELECTRONICS
213116,21,5.500271303,77.1180456,63477.0,2,10.6,8,1,5,0,0,0,1,2,Female,CIVIL
213519,16,4.949062722,63.54742839,26878.0,2,12.7,59,3,0,0,0,0,1,1,Female,COMPUTER SCIENCE
207404,16,4.546248566,58.53888186,44256.0,2,10.5,44,2,2,0,0,1,1,2,Male,BIOLOGY
211776,26,6.151174701,68.96708372,24806.0,4,6.2,56,4,9,0,1,1,1,3,Female,ELECTRONICS
219521,16,5.319147411,69.00182584,77006.0,2,6.9,31,3,7,0,0,0,1,2,Male,COMMERCE
216078,21,6.022919448,61.27845123,9833.0,2,9.2,44,4,2,0,1,0,0,2,Female,COMMERCE
219939,20,4.554378752,86.61029874,65199.0,3,10.2,50,2,5,0,1,1,0,2,Male,MECHANICAL
202917,17,6.864504417,57.06463932,34233.0,4,14.0,53,3,2,0,1,1,1,3,Male,ELECTRONICS
210682,24,5.500271303,74.80917068,16356.0,6,13.9,34,3,1,0,0,1,0,3,Female,MECHANICAL
217787,20,4.242012491,71.93473538,43863.0,4,15.1,37,1,9,0,0,1,0,0,Male,BIOLOGY
213015,23,4.077143467,82.72637417,45590.0,2,12.1,33,2,1,0,0,1,0,2,Male,BIOLOGY
209173,26,4.419362915,87.32780189,55279.0,5,8.3,30,1,6,1,0,0,0,2,Other,BIOLOGY
214723,23,5.848851362,69.91165375,72795.0,4,19.1,5,0,8,0,0,0,0,1,Male,COMMERCE
205672,16,5.500271303,59.68673024,48013.0,4,19.4,34,2,9,0,1,0,1,2,Male,ELECTRONICS
208213,26,4.560042578,73.65753754,76121.0,2,19.8,20,3,0,1,0,0,0,2,Male,CIVIL
214900,22,6.32134739,78.29552504,60447.0,3,5.6,7,2,0,0,0,0,0,2,Female,COMPUTER SCIENCE
203810,16,4.384294717,97.63062621,51763.0,4,18.4,54,0,1,0,1,1,0,2,Male,COMMERCE
216405,21,5.006247063,50.67024779,54817.0,4,19.8,15,1,8,0,1,0,0,0,Female,ELECTRONICS
219953,20,5.491441348,78.8474586,10218.0,3,9.0,47,2,2,0,0,1,0,3,Male,ELECTRONICS
219151,25,5.92728863,88.17332444,18428.0,4,12.5,55,3,1,0,0,1,0,2,Female,ARTS
214502,17,4.50402257,80.02687017,45261.0,2,8.8,22,1,3,0,0,1,0,2,Male,COMMERCE
207924,26,6.673479789,89.79109463,27741.0,4,18.7,45,3,3,0,1,0,0,2,Other,CIVIL
204324,19,4.781849135,72.48805106,38513.0,2,5.3,52,2,6,0,1,1,0,0,Female,ARTS
218103,21,5.979809196,58.67575339,49545.0,6,14.6,0,4,5,1,0,0,1,1,Male,MECHANICAL
202873,22,4.235958328,82.60816685,47277.0,2,21.7,24,2,9,0,0,1,0,2,Male,MECHANICAL
212017,16,4.615153998,53.36240237,35417.0,3,14.3,6,2,7,1,1,1,0,2,Other,COMMERCE
215011,20,6.360630663,75.09409398,34006.0,6,18.8,33,4,6,0,1,1,0,0,Female,ARTS
206792,25,4.566918951,63.69861812,76542.0,2,12.7,48,2,4,0,0,1,1,2,Male,BIOLOGY
211627,23,4.059503293,52.97381974,49730.0,4,7.9,0,3,0,1,0,1,1,2,Female,ARTS
214307,26,6.012996518,65.75416798,110056.0,3,18.6,45,0,9,1,0,0,0,2,Male,ELECTRONICS
213520,26,6.746561232,68.58955757,20145.0,4,21.3,41,4,7,1,0,1,0,2,Male,COMMERCE
201049,25,6.417736909,67.52000457,122854.8999999992,4,10.9,39,0,1,0,0,1,1,2,Other,COMMERCE
219196,16,6.054595422,75.09409398,55886.0,4,23.9,2,4,3,0,0,1,0,2,Male,COMMERCE
214592,26,4.102900287,86.5547656,65954.0,4,6.4,30,1,8,0,1,1,1,2,Male,CIVIL
216686,20,6.771024721,72.20864229,35552.0,2,6.3,37,1,4,0,1,1,0,2,Other,ARTS
219027,24,6.820815234,73.47602525,72844.0,2,15.1,42,3,0,0,0,1,0,2,Male,CIVIL
202748,23,6.314671233,74.07080315,87038.0,6,8.6,36,0,6,0,0,0,0,2,Male,MECHANICAL
216166,21,6.721636413,68.60766387,53246.0,2,20.1,9,1,2,0,1,1,1,2,Other,COMMERCE
204933,25,5.222656846,77.82077941,70990.0,6,5.2,58,1,9,0,1,1,0,1,Female,CIVIL
217430,20,5.801981785,75.09409398,62435.0,6,12.7,12,3,2,1,0,1,1,0,Other,ELECTRONICS
200285,26,4.375553404,47.56642793,15928.0,4,14.4,33,4,5,0,0,1,1,2,Male,BIOLOGY
200157,18,6.580766302,77.03508424,28205.0,5,14.6,20,1,8,1,0,1,0,3,Other,ARTS
201589,23,4.51754323,77.55937484,69953.0,4,23.7,31,0,9,0,1,1,0,2,Male,CIVIL
211756,18,6.686478362,75.70438498,51369.0,4,10.5,55,1,0,1,0,1,0,0,Male,COMPUTER SCIENCE
216287,21,6.557841314,77.47101389,39997.0,6,6.7,32,4,0,0,0,1,0,3,Male,CIVIL
216185,25,4.836053995,92.03174642,42469.0,4,5.4,19,1,8,0,0,1,1,2,Male,BIOLOGY
200182,22,4.318743498,84.80611732,58154.0,6,20.6,34,0,4,0,0,1,1,2,Male,BIOLOGY
210035,24,6.907541108,85.72937787,68251.0,5,13.9,48,0,2,0,0,0,0,2,Male,ELECTRONICS
211289,21,5.616203702,67.79622839,77303.0,5,15.2,20,0,0,0,1,1,0,2,Male,MECHANICAL
219740,22,4.298865233,62.74663853,3195.0,3,8.7,45,3,8,1,0,1,0,0,Male,COMPUTER SCIENCE
209156,19,5.182484286,72.37464568,84158.0,6,24.5,42,1,7,1,0,1,1,1,Male,ELECTRONICS
202916,25,4.496997219,75.09409398,40084.0,2,24.0,32,2,4,0,1,1,0,3,Female,COMMERCE
205863,20,5.209183156,69.03989937,66595.0,4,11.7,28,3,3,0,0,1,0,3,Male,MECHANICAL
205534,18,4.100916203,76.97994977,57450.0,6,6.8,3,3,0,0,0,1,0,3,Male,COMMERCE
201356,18,5.261717238,56.16244568,42838.0,2,12.9,19,3,4,0,0,1,1,0,Female,ELECTRONICS
202768,20,4.778009981,77.34674501,35324.0,4,8.7,47,1,1,0,0,0,1,3,Other,BIOLOGY
206300,22,6.877402066,58.71630017,66899.0,6,19.8,52,2,0,0,0,1,0,2,Other,COMMERCE
214861,25,6.545275521,80.4411032,46909.0,5,5.9,3,1,7,0,0,1,0,1,Male,MECHANICAL
211366,21,4.953901245,71.01662645,58720.0,5,14.1,41,0,0,0,0,0,1,0,Female,COMMERCE
201272,19,5.071432336,91.82630888,64375.0,5,13.3,35,3,0,0,0,1,0,2,Other,COMPUTER SCIENCE
218322,22,5.932298797,46.92522503,43163.0,3,21.9,7,1,2,0,0,1,1,0,Male,BIOLOGY
208988,16,6.828919618,94.36378962,22640.0,6,20.4,59,2,5,1,0,1,1,2,Male,ELECTRONICS
203087,19,5.258010638,74.8938078,31319.0,2,17.7,45,2,4,0,1,1,0,0,Male,COMPUTER SCIENCE
211031,21,5.122458576,40.48797235,70068.0,3,19.5,32,3,4,1,1,1,0,3,Female,COMMERCE
206237,19,4.943542316,62.51835445,48081.0,3,23.5,32,3,2,1,0,1,0,2,Male,COMPUTER SCIENCE
217597,24,4.405956193,92.25724773,37782.0,2,11.9,28,2,0,0,0,1,1,1,Female,COMMERCE
202349,18,4.712029652,78.87552733,70048.0,3,15.1,3,1,4,1,0,0,0,3,Male,ARTS
207311,17,6.681477468,81.32544609,50704.0,6,20.4,57,1,0,0,1,0,0,3,Male,COMMERCE
213609,23,5.874500077,77.28306946,89429.0,4,16.4,41,4,4,0,1,0,0,2,Male,COMMERCE
210676,20,6.933764239,86.38458326,90281.0,4,18.2,19,1,6,0,1,0,0,2,Male,MECHANICAL
214102,16,5.115020076,74.36266836,45869.0,2,11.4,16,3,0,0,0,0,0,2,Male,ELECTRONICS
204213,21,6.66829353,77.4066382,87596.0,6,15.1,40,3,6,1,1,1,0,0,Male,BIOLOGY
212404,26,6.139023309,60.24270488,49698.0,5,14.7,22,0,2,0,1,0,0,1,Male,ARTS
215364,21,5.334048692,52.98336188,40027.0,5,7.7,53,1,6,1,0,0,0,1,Female,CIVIL
218913,20,4.594073468,83.25441852,42358.0,4,18.7,11,0,6,0,0,1,0,2,Female,COMMERCE
218183,25,4.673655899,77.23428535,13050.0,6,14.2,46,1,3,1,1,1,0,2,Female,BIOLOGY
218775,16,6.930251058,91.22860578,49088.0,3,9.4,13,0,9,0,1,1,1,2,Male,BIOLOGY
207051,18,6.239872454,76.5764249,46000.0,4,13.1,3,3,8,0,0,1,0,2,Male,MECHANICAL
214000,22,4.577242984,97.21448073,32356.0,4,9.7,38,0,5,0,0,1,1,2,Other,BIOLOGY
207871,24,4.86269009,80.41616436,9440.0,6,10.2,26,0,6,1,1,1,0,2,Male,CIVIL
218156,26,5.938886859,83.9851004,55076.0,3,22.7,43,2,5,0,0,1,1,2,Male,ELECTRONICS
210038,24,6.157376633,78.75459139,25612.0,6,12.8,19,4,7,0,0,0,0,2,Other,CIVIL
207174,25,4.630931489,65.49074163,82467.0,5,6.0,8,4,9,1,1,0,1,0,Male,COMMERCE
203757,26,5.5111879,63.86337487,45886.0,3,23.2,23,1,2,1,0,1,0,2,Female,CIVIL
211318,16,5.640761766,75.31482054,34232.0,2,7.9,38,4,6,0,0,1,1,0,Male,ELECTRONICS
218164,19,6.400938382,64.25594296,78601.0,5,15.5,52,2,4,1,1,1,0,2,Male,CIVIL
218471,23,4.86117529,80.24732436,34636.0,5,20.9,27,3,1,0,0,0,1,2,Male,COMPUTER SCIENCE
218702,25,5.362116193,83.14167972,41357.0,6,24.9,22,3,9,0,1,1,0,1,Other,ARTS
219694,19,4.559221746,74.48742563,46247.0,4,23.7,3,2,7,1,1,1,0,2,Other,COMPUTER SCIENCE
212864,22,6.683208579,88.62867908,33859.0,6,22.9,15,3,1,0,1,0,0,2,Other,MECHANICAL
206867,21,5.087267027,91.56820968,59274.0,4,17.2,54,4,0,0,0,1,1,2,Other,ARTS
211091,20,5.225529713,85.38132128,32949.0,5,18.2,46,4,4,0,0,0,0,2,Female,CIVIL
205609,18,4.295470282,80.40814553,68497.0,3,23.7,3,3,3,1,0,0,0,2,Male,ARTS
211425,26,4.535872907,69.22294618,82096.0,3,11.6,46,1,2,1,0,0,0,2,Male,COMMERCE
204109,22,5.785248706,80.45932541,53107.0,2,15.4,48,0,1,1,0,1,0,0,Male,CIVIL
217354,21,5.308675875,83.37260145,53726.0,2,15.4,28,4,1,0,0,1,0,2,Female,BIOLOGY
217381,23,4.414156563,86.29742026,61061.0,6,18.1,0,0,9,0,0,1,0,2,Female,COMMERCE
208114,24,5.007499913,97.72278235,62505.0,4,8.9,48,0,9,0,0,1,0,1,Other,ARTS
200842,17,5.584666839,92.09358756,68363.0,4,21.6,20,0,6,0,1,0,0,2,Male,COMPUTER SCIENCE
201204,21,4.66701911,74.51620118,39982.0,4,10.4,10,2,9,1,0,0,0,0,Male,ARTS
202819,21,5.881948826,74.07769926,13698.0,3,15.9,33,4,4,0,0,1,1,2,Male,COMPUTER SCIENCE
201806,22,5.742290183,80.01023344,37834.0,5,7.9,11,0,6,0,0,1,0,1,Male,ARTS
217631,25,4.227729874,51.54630501,58419.0,5,12.9,31,0,8,1,1,1,0,1,Male,ARTS
219567,26,5.821038552,81.28019334,80415.0,3,10.9,5,4,7,1,1,1,0,2,Female,BIOLOGY
217392,16,6.177809988,72.70818591,43744.0,4,8.3,19,1,7,1,0,1,0,2,Male,MECHANICAL
219224,26,4.646570774,79.083579,56894.0,3,9.4,29,0,7,0,0,1,0,0,Male,COMMERCE
214212,21,5.657160666,78.42344642,40621.0,6,15.9,48,0,0,1,0,0,0,3,Female,ARTS
